{
  "links" : [ {
    "source" : "source/LiveObject_SensingLabsTH",
    "target" : "subscription/Sub_LOSensingLabsTH"
  }, {
    "source" : "source/LiveObject_SensingLabsTH",
    "target" : "rule/onSensingLabs_THData"
  }, {
    "source" : "client/Temperature Control Dashboard",
    "target" : "topic//my/response/topic"
  }, {
    "source" : "rule/onSensingLabs_THData",
    "target" : "type/TH_Meter"
  }, {
    "source" : "rule/onSensingLabs_THData",
    "target" : "topic//stream/LiveObject_SLTHSensor"
  }, {
    "source" : "type/TH_Meter",
    "target" : "app/TemperatureControlApp"
  }, {
    "source" : "topic//stream/LiveObject_SLTHSensor",
    "target" : "app/TemperatureControlApp"
  }, {
    "source" : "type/Asset",
    "target" : "app/TemperatureControlApp"
  }, {
    "source" : "app/TemperatureControlApp",
    "target" : "procedure/UpdateAssetInfos"
  }, {
    "source" : "procedure/UpdateAssetInfos",
    "target" : "type/Asset"
  }, {
    "source" : "client/ControllerResponse",
    "target" : "topic//my/response/topic"
  }, {
    "source" : "type/Asset",
    "target" : "client/Temperature Control Dashboard"
  }, {
    "source" : "procedure/CollaborationUtils.triggerEscalation",
    "target" : "type/ArsEscalationDeadline"
  }, {
    "source" : "procedure/SendMailToChiefofService",
    "target" : "source/MailToChiefofService"
  }, {
    "source" : "type/Asset",
    "target" : "collaborationtype/StartCollaborationCriticalTemperature"
  }, {
    "source" : "collaborationtype/StartCollaborationCriticalTemperature",
    "target" : "procedure/SendMailToChiefofService"
  }, {
    "source" : "collaborationtype/StartCollaborationCriticalTemperature",
    "target" : "procedure/CollaborationUtils.triggerEscalation"
  }, {
    "source" : "type/Asset",
    "target" : "client/ControllerResponse"
  }, {
    "source" : "app/TemperatureControlApp",
    "target" : "collaborationtype/StartCollaborationCriticalTemperature"
  } ],
  "name" : "TemperatureControl",
  "options" : {
    "description" : "",
    "filterBitArray" : "ffffffffffffffffffffffffffffffff",
    "isModeloProject" : true,
    "showGrid" : true,
    "v" : 2
  },
  "resources" : [ {
    "label" : "/my/response/topic",
    "name" : "/my/response/topic",
    "node" : {
      "x" : 646.0247063206284,
      "y" : 74.9225401904541
    },
    "type" : 10
  }, {
    "label" : "/stream/LiveObject_SLTHSensor",
    "name" : "/stream/LiveObject_SLTHSensor",
    "node" : {
      "x" : 93.0491933057582,
      "y" : 344.1505780728137
    },
    "type" : 10
  }, {
    "label" : "ArsEscalationDeadline",
    "name" : "ArsEscalationDeadline",
    "node" : {
      "x" : 931.3804804207371,
      "y" : 616.6357376753185
    },
    "timestamp" : "2017-04-21T03:27:58.913Z",
    "type" : 1
  }, {
    "label" : "Asset",
    "name" : "Asset",
    "node" : {
      "x" : 1045.4033354667636,
      "y" : 337.0920624091864
    },
    "timestamp" : "2018-11-14T09:40:14.242Z",
    "type" : 1
  }, {
    "inventory" : {
      "appmodelHash" : [ ],
      "appmodels" : [ ],
      "collaborationHash" : [ ],
      "collaborations" : [ ],
      "pagesetHash" : [ ],
      "pagesets" : [ ],
      "procedureHash" : [ ],
      "procedures" : [ ],
      "sourceHash" : [ ],
      "sources" : [ ],
      "topicHash" : [ ],
      "topics" : [ ],
      "typeHash" : [ "both" ],
      "types" : [ "ArsEscalationDeadline" ]
    },
    "label" : "CollaborationUtils.triggerEscalation",
    "name" : "CollaborationUtils.triggerEscalation",
    "node" : {
      "x" : 929.536267178889,
      "y" : 565.9147613982043
    },
    "timestamp" : "2018-01-15T05:13:26.707Z",
    "type" : 3
  }, {
    "inventory" : {
      "appmodelHash" : [ ],
      "appmodels" : [ ],
      "collaborationHash" : [ ],
      "collaborations" : [ ],
      "pagesetHash" : [ ],
      "pagesets" : [ ],
      "procedureHash" : [ ],
      "procedures" : [ ],
      "sourceHash" : [ ],
      "sources" : [ ],
      "topicHash" : [ "out" ],
      "topics" : [ "/my/response/topic" ],
      "typeHash" : [ "in" ],
      "types" : [ "Asset" ]
    },
    "label" : "ControllerResponse",
    "name" : "ControllerResponse",
    "node" : {
      "x" : 863.638730728353,
      "y" : -45.88830141996648
    },
    "timestamp" : "2018-11-14T09:47:25.702Z",
    "type" : 15
  }, {
    "label" : "LiveObject_SensingLabsTH",
    "name" : "LiveObject_SensingLabsTH",
    "node" : {
      "x" : 92.14453805715738,
      "y" : 175.95417759611234
    },
    "timestamp" : "2018-11-14T09:40:16.276Z",
    "type" : 4
  }, {
    "label" : "MailToChiefofService",
    "name" : "MailToChiefofService",
    "node" : {
      "x" : 273.0913031900562,
      "y" : 572.4429083013312
    },
    "timestamp" : "2018-11-14T09:40:16.289Z",
    "type" : 4
  }, {
    "inventory" : {
      "appmodelHash" : [ ],
      "appmodels" : [ ],
      "collaborationHash" : [ ],
      "collaborations" : [ ],
      "pagesetHash" : [ ],
      "pagesets" : [ ],
      "procedureHash" : [ ],
      "procedures" : [ ],
      "sourceHash" : [ "out" ],
      "sources" : [ "MailToChiefofService" ],
      "topicHash" : [ ],
      "topics" : [ ],
      "typeHash" : [ ],
      "types" : [ ]
    },
    "label" : "SendMailToChiefofService",
    "name" : "SendMailToChiefofService",
    "node" : {
      "x" : 443.45680202769563,
      "y" : 499.5005272114296
    },
    "timestamp" : "2018-11-14T09:40:13.777Z",
    "type" : 3
  }, {
    "inventory" : {
      "appmodelHash" : [ ],
      "appmodels" : [ ],
      "collaborationHash" : [ ],
      "collaborations" : [ ],
      "pagesetHash" : [ ],
      "pagesets" : [ ],
      "procedureHash" : [ "out", "out", "out" ],
      "procedures" : [ "SendMailToChiefofService", "CollaborationUtils.closeCollaboration", "CollaborationUtils.triggerEscalation" ],
      "sourceHash" : [ ],
      "sources" : [ ],
      "topicHash" : [ ],
      "topics" : [ ],
      "typeHash" : [ "in" ],
      "types" : [ "Asset" ]
    },
    "label" : "StartCollaborationCriticalTemperature",
    "name" : "StartCollaborationCriticalTemperature",
    "node" : {
      "x" : 929.3872461309035,
      "y" : 503.5744934185408
    },
    "timestamp" : "2018-11-14T09:40:16.275Z",
    "type" : 11
  }, {
    "inventory" : {
      "appmodelHash" : [ ],
      "appmodels" : [ ],
      "collaborationHash" : [ ],
      "collaborations" : [ ],
      "pagesetHash" : [ ],
      "pagesets" : [ ],
      "procedureHash" : [ ],
      "procedures" : [ ],
      "sourceHash" : [ "in" ],
      "sources" : [ "LiveObject_SensingLabsTH" ],
      "topicHash" : [ ],
      "topics" : [ ],
      "typeHash" : [ ],
      "types" : [ ]
    },
    "label" : "Sub_LOSensingLabsTH",
    "name" : "Sub_LOSensingLabsTH",
    "node" : {
      "x" : 94.19654126888844,
      "y" : 107.08879226843231
    },
    "timestamp" : "2018-11-14T09:40:16.298Z",
    "type" : 9
  }, {
    "label" : "TH_Meter",
    "name" : "TH_Meter",
    "node" : {
      "x" : 412.0040093444727,
      "y" : 61.08815120878319
    },
    "timestamp" : "2018-11-14T09:40:14.238Z",
    "type" : 1
  }, {
    "inventory" : {
      "appmodelHash" : [ ],
      "appmodels" : [ ],
      "collaborationHash" : [ ],
      "collaborations" : [ ],
      "pagesetHash" : [ ],
      "pagesets" : [ ],
      "procedureHash" : [ ],
      "procedures" : [ ],
      "sourceHash" : [ ],
      "sources" : [ ],
      "topicHash" : [ "out" ],
      "topics" : [ "/my/response/topic" ],
      "typeHash" : [ "in" ],
      "types" : [ "Asset" ]
    },
    "label" : "Temperature Control Dashboard",
    "name" : "Temperature Control Dashboard",
    "node" : {
      "x" : 578.060547559724,
      "y" : -48.8043961481186
    },
    "timestamp" : "2018-11-14T09:46:31.909Z",
    "type" : 15
  }, {
    "inventory" : {
      "appmodelHash" : [ ],
      "appmodels" : [ ],
      "collaborationHash" : [ "out" ],
      "collaborations" : [ "StartCollaborationCriticalTemperature" ],
      "pagesetHash" : [ ],
      "pagesets" : [ ],
      "procedureHash" : [ "out" ],
      "procedures" : [ "UpdateAssetInfos" ],
      "sourceHash" : [ ],
      "sources" : [ ],
      "topicHash" : [ "in" ],
      "topics" : [ "/stream/LiveObject_SLTHSensor" ],
      "typeHash" : [ "in", "in" ],
      "types" : [ "Asset", "TH_Meter" ]
    },
    "label" : "TemperatureControlApp",
    "name" : "TemperatureControlApp",
    "node" : {
      "x" : 612.4518217260511,
      "y" : 369.7783801593912
    },
    "timestamp" : "2018-11-14T09:40:16.286Z",
    "type" : 12
  }, {
    "inventory" : {
      "appmodelHash" : [ ],
      "appmodels" : [ ],
      "collaborationHash" : [ ],
      "collaborations" : [ ],
      "pagesetHash" : [ ],
      "pagesets" : [ ],
      "procedureHash" : [ ],
      "procedures" : [ ],
      "sourceHash" : [ ],
      "sources" : [ ],
      "topicHash" : [ ],
      "topics" : [ ],
      "typeHash" : [ "both" ],
      "types" : [ "Asset" ]
    },
    "label" : "UpdateAssetInfos",
    "name" : "UpdateAssetInfos",
    "node" : {
      "x" : 918.971732419493,
      "y" : 212.10298033146518
    },
    "timestamp" : "2018-11-14T09:40:13.862Z",
    "type" : 3
  }, {
    "inventory" : {
      "appmodelHash" : [ ],
      "appmodels" : [ ],
      "collaborationHash" : [ ],
      "collaborations" : [ ],
      "pagesetHash" : [ ],
      "pagesets" : [ ],
      "procedureHash" : [ "out" ],
      "procedures" : [ "substring" ],
      "sourceHash" : [ "in" ],
      "sources" : [ "LiveObject_SensingLabsTH" ],
      "topicHash" : [ "out" ],
      "topics" : [ "/stream/LiveObject_SLTHSensor" ],
      "typeHash" : [ "both" ],
      "types" : [ "TH_Meter" ]
    },
    "label" : "onSensingLabs_THData",
    "name" : "onSensingLabs_THData",
    "node" : {
      "x" : 93.54062835874112,
      "y" : 260.84929771682147
    },
    "timestamp" : "2018-11-14T09:40:13.801Z",
    "type" : 2
  } ],
  "tools" : [ {
    "name" : "Project Resource Graph",
    "pane" : {
      "h" : 630,
      "w" : 1110,
      "x" : 20,
      "y" : 0
    },
    "toolOptions" : {
      "scaleAndTranslationState" : {
        "lastZoomRequest" : 0,
        "scale" : 0.7371346086455507,
        "translate" : [ 86.23736129690741, 96.0840189234275 ]
      }
    },
    "type" : 1
  }, {
    "name" : "Temperature Control Dashboard",
    "pane" : {
      "h" : 810,
      "w" : 1300,
      "x" : 20,
      "y" : 650
    },
    "resourceKey" : "client/Temperature Control Dashboard",
    "type" : 63
  }, {
    "name" : "Documents",
    "pane" : {
      "h" : 400,
      "w" : 650,
      "x" : 20,
      "y" : 1370
    },
    "type" : 26
  }, {
    "name" : "ControllerResponse",
    "pane" : {
      "h" : 700,
      "w" : 1130,
      "x" : 20,
      "y" : 1790
    },
    "resourceKey" : "client/ControllerResponse",
    "type" : 63
  } ],
  "type" : "dev",
  "views" : [ {
    "name" : "Main",
    "projectToolKeys" : [ "graph/Project Resource Graph", "client/Temperature Control Dashboard", "undefined/Documents", "client/ControllerResponse" ]
  } ]
}