{
  "controllers" : {
    "client" : { },
    "dataStream" : {
      "CurrentAssetDataStream" : { }
    },
    "page" : {
      "Details" : {
        "onClientStart" : "ds = client.getDataStreamByName(\"CurrentAssetDataStream\");\nds.restart();\n\n",
        "onStart" : "ds = client.getDataStreamByName(\"CurrentAssetDataStream\");\nds.restart();\n\n",
        "widgets" : { }
      },
      "Start" : {
        "onClientStart" : "ds = client.getDataStreamByName(\"CurrentAssetDataStream\");\nds.restart();\n\n",
        "onStart" : "ds = client.getDataStreamByName(\"CurrentAssetDataStream\");\nds.restart();\n\n",
        "widgets" : { }
      }
    },
    "topbar" : {
      "widgets" : {
        "Button14" : {
          "onClick" : "client.goToPage(\"Start\");"
        },
        "Button15" : {
          "onClick" : "client.goToPage(\"Details\");"
        }
      }
    }
  },
  "isLaunchable" : false,
  "models" : {
    "dataObjects" : {
      "__GLOBAL__" : {
        "properties" : { }
      },
      "__PARAMETERS__" : {
        "properties" : { }
      }
    },
    "dataStreams" : [ {
      "advancedWhereClause" : null,
      "basicQueryElement" : [ {
        "name" : "Name",
        "operator" : "EQ",
        "value" : "${AssetInfo.Name}"
      } ],
      "dataObjectName" : null,
      "dataTypeList" : [ {
        "label" : null,
        "type" : "Asset"
      } ],
      "isDeleteOp" : false,
      "isInsertOp" : false,
      "isUpdateOp" : false,
      "maxRecords" : 0,
      "name" : "CurrentAssetDataStream",
      "property" : "Name",
      "sortByProperty" : null,
      "sortDescending" : false,
      "type" : 4,
      "updateInterval" : 60,
      "uuid" : "6a1ed4df-d2fe-472e-85f7-304eb1107422",
      "v" : 1
    } ]
  },
  "name" : "ControllerResponse",
  "options" : {
    "badgeCount" : 0,
    "description" : "",
    "hasTopbar" : true,
    "showGridWhileEditing" : false,
    "theme" : {
      "accentColor1" : "#ff7900",
      "backgroundColor" : "#ffffff",
      "borderColor" : "#000000",
      "foregroundColor" : "#000000",
      "label" : "Custom",
      "name" : "custom",
      "v" : 2
    },
    "topbar" : {
      "CSSClass" : "vantiqHorizontalLayout",
      "actionMenuLabel" : null,
      "actionMenuTopic" : null,
      "bgColor" : "#000000",
      "borderColor" : "Default",
      "borderWidth" : 0,
      "h" : 115,
      "heightPolicy" : 0,
      "horzGravity" : 4,
      "horzMargin" : 10,
      "innerMargin" : 5,
      "isDraggable" : false,
      "isSelectable" : false,
      "isSelectableOnly" : true,
      "kids" : [ {
        "CSSClass" : "vantiqVerticalLayout",
        "actionMenuLabel" : null,
        "actionMenuTopic" : null,
        "bgColor" : "#000000",
        "borderColor" : "Default",
        "borderWidth" : 0,
        "h" : 105,
        "heightPolicy" : 0,
        "horzGravity" : 4,
        "horzMargin" : 0,
        "innerMargin" : 1,
        "isDraggable" : true,
        "isSelectable" : true,
        "kids" : [ {
          "CSSClass" : "vantiqHorizontalLayout",
          "actionMenuLabel" : null,
          "actionMenuTopic" : null,
          "borderColor" : "Default",
          "borderWidth" : 1,
          "h" : 52,
          "heightPolicy" : 0,
          "horzGravity" : 4,
          "horzMargin" : 0,
          "innerMargin" : 10,
          "isDraggable" : true,
          "isSelectable" : true,
          "kids" : [ {
            "CSSClass" : "vantiqStaticImage",
            "actionMenuLabel" : null,
            "actionMenuTopic" : null,
            "borderColor" : "Default",
            "borderWidth" : 0,
            "h" : 50,
            "heightPolicy" : 0,
            "horzGravity" : 4,
            "isDraggable" : true,
            "isScaleable" : false,
            "isSelectable" : true,
            "name" : "StaticImage13",
            "scale" : 1,
            "type" : "Img",
            "url" : "https://dev.vantiq.com/ui/docs/NS/Your_VantiqWorkspaceName/images/OrangeLogo.png",
            "v" : 14,
            "vertGravity" : 4,
            "w" : 50,
            "widthPolicy" : 0,
            "x" : 0,
            "y" : 0
          }, {
            "CSSClass" : "vantiqStaticText",
            "actionMenuLabel" : null,
            "actionMenuTopic" : null,
            "borderColor" : "Default",
            "borderWidth" : 0,
            "fgColor" : "#ff7900",
            "fontFace" : "inherit",
            "fontSize" : 22,
            "fontStyle" : "normal",
            "fontWeight" : "bold",
            "h" : 29,
            "heightPolicy" : 0,
            "horzGravity" : 4,
            "isDraggable" : true,
            "isSelectable" : true,
            "name" : "StaticText479",
            "text" : "Cold Storage Service",
            "type" : "TextLabel",
            "v" : 14,
            "vertGravity" : 4,
            "w" : 198,
            "widthPolicy" : 0,
            "x" : 60,
            "y" : 10.5
          } ],
          "name" : "HorizontalLayout69",
          "type" : "HorizontalContainer",
          "v" : 14,
          "vertGravity" : 4,
          "vertMargin" : 0,
          "w" : 260,
          "widthPolicy" : 2,
          "x" : 0,
          "y" : 0
        }, {
          "CSSClass" : "vantiqHorizontalLayout",
          "actionMenuLabel" : null,
          "actionMenuTopic" : null,
          "bgColor" : "#000000",
          "borderColor" : "Default",
          "borderWidth" : 1,
          "h" : 52,
          "heightPolicy" : 0,
          "horzGravity" : 4,
          "horzMargin" : 0,
          "innerMargin" : 1,
          "isDraggable" : true,
          "isSelectable" : true,
          "kids" : [ {
            "CSSClass" : "vantiqButton",
            "actionMenuLabel" : null,
            "actionMenuTopic" : null,
            "borderColor" : "Default",
            "borderWidth" : 0,
            "buttonBackgroundColor" : "#000000",
            "buttonLabel" : "Home",
            "buttonLabelColor" : "#ffffff",
            "buttonLabelSize" : 18,
            "buttonLabelStyle" : "plain",
            "h" : 50,
            "heightPolicy" : 0,
            "horzGravity" : 4,
            "horzMargin" : 10,
            "innerMargin" : 0,
            "isDraggable" : true,
            "isSelectable" : true,
            "label" : "",
            "labelAlign" : "center",
            "labelColor" : "#000000",
            "labelFontSize" : 14,
            "labelStyle" : "plain",
            "name" : "Button14",
            "type" : "PIInlineButton",
            "v" : 14,
            "value" : 100,
            "vertGravity" : 4,
            "vertMargin" : 10,
            "w" : 125.5,
            "widthPolicy" : 2,
            "x" : 0,
            "y" : 0
          }, {
            "CSSClass" : "vantiqButton",
            "actionMenuLabel" : null,
            "actionMenuTopic" : null,
            "borderColor" : "Default",
            "borderWidth" : 0,
            "buttonBackgroundColor" : "#000000",
            "buttonLabel" : "Details",
            "buttonLabelColor" : "#ffffff",
            "buttonLabelSize" : 18,
            "buttonLabelStyle" : "plain",
            "h" : 50,
            "heightPolicy" : 0,
            "horzGravity" : 4,
            "horzMargin" : 10,
            "innerMargin" : 0,
            "isDraggable" : true,
            "isSelectable" : true,
            "label" : "",
            "labelAlign" : "center",
            "labelColor" : "#000000",
            "labelFontSize" : 14,
            "labelStyle" : "plain",
            "name" : "Button15",
            "type" : "PIInlineButton",
            "v" : 14,
            "value" : 100,
            "vertGravity" : 4,
            "vertMargin" : 10,
            "w" : 131.5,
            "widthPolicy" : 2,
            "x" : 126.5,
            "y" : 0
          } ],
          "name" : "HorizontalLayout70",
          "type" : "HorizontalContainer",
          "v" : 14,
          "vertGravity" : 4,
          "vertMargin" : 0,
          "w" : 260,
          "widthPolicy" : 2,
          "x" : 0,
          "y" : 53
        } ],
        "name" : "VerticalLayout28",
        "type" : "VerticalContainer",
        "v" : 14,
        "vertGravity" : 4,
        "vertMargin" : 0,
        "w" : 260,
        "widthPolicy" : 2,
        "x" : 10,
        "y" : 5
      } ],
      "name" : "_Topbar_",
      "packTight" : true,
      "type" : "HorizontalContainer",
      "v" : 14,
      "vertGravity" : 4,
      "vertMargin" : 5,
      "vertWeight" : 1,
      "w" : 398,
      "widthPolicy" : 2,
      "x" : 0,
      "y" : 0
    },
    "v" : 3
  },
  "targetDevice" : "mobile",
  "userList" : [ ],
  "views" : {
    "Details" : {
      "bodyChildren" : [ {
        "CSSClass" : "vantiqFloorplanViewer",
        "actionMenuLabel" : null,
        "actionMenuTopic" : null,
        "borderColor" : "Default",
        "borderWidth" : 0,
        "dataStreamGroupedByFiltersString" : "",
        "dataStreamPropertyList" : [ ],
        "dataStreamUUID" : "6a1ed4df-d2fe-472e-85f7-304eb1107422",
        "dataType" : null,
        "flheight" : 35,
        "flwidth" : 50,
        "h" : 203,
        "heightPolicy" : 1,
        "horzGravity" : 4,
        "isDraggable" : true,
        "isScaleable" : true,
        "isSelectable" : true,
        "labelName" : null,
        "name" : "FloorplanViewer8",
        "naturalKey" : null,
        "operation" : "insert",
        "propertyName" : "IndoorLocation",
        "scale" : 1,
        "type" : "FloorPlanWidget",
        "url" : "../docs/NS/Your_VantiqWorkspaceName/images/FloorPlanTutorial.png",
        "v" : 14,
        "vertGravity" : 4,
        "w" : 363,
        "widthPolicy" : 1,
        "x" : 8.5,
        "y" : 5
      } ],
      "data" : {
        "properties" : { }
      },
      "fields" : [ ],
      "footerChildren" : [ ],
      "layoutType" : "mobile",
      "responseTopic" : ""
    },
    "Start" : {
      "bodyChildren" : [ {
        "CSSClass" : "vantiqStaticText",
        "actionMenuLabel" : null,
        "actionMenuTopic" : null,
        "borderColor" : "Default",
        "borderWidth" : 0,
        "fontFace" : "inherit",
        "fontSize" : 20,
        "fontStyle" : "normal",
        "fontWeight" : "normal",
        "h" : 26,
        "heightPolicy" : 0,
        "horzGravity" : 4,
        "isDraggable" : true,
        "isSelectable" : true,
        "name" : "StaticText12",
        "text" : "Problem detected in ${AssetInfo.Name}",
        "type" : "TextLabel",
        "v" : 14,
        "vertGravity" : 4,
        "w" : 327,
        "widthPolicy" : 0,
        "x" : 26.5,
        "y" : 5
      }, {
        "CSSClass" : "vantiqGauge",
        "actionMenuLabel" : null,
        "actionMenuTopic" : null,
        "borderColor" : "Default",
        "borderWidth" : 2,
        "dataStreamGroupedByFiltersString" : "",
        "dataStreamPropertyList" : [ ],
        "dataStreamUUID" : "6a1ed4df-d2fe-472e-85f7-304eb1107422",
        "dataType" : null,
        "greenZones" : "-30:-19",
        "h" : 211,
        "heightPolicy" : 1,
        "horzGravity" : 4,
        "isDraggable" : true,
        "isSelectable" : true,
        "maximum" : 0,
        "minimum" : -30,
        "minorTicks" : 5,
        "name" : "Gauge3",
        "naturalKey" : null,
        "naturalKeyValue" : null,
        "operation" : "insert",
        "propertyName" : "Temperature",
        "redZones" : "-15:0",
        "type" : "GaugeWidget",
        "v" : 14,
        "vertGravity" : 4,
        "w" : 192,
        "widthPolicy" : 1,
        "x" : 94,
        "y" : 36,
        "yellowZones" : "-19:-15"
      }, {
        "CSSClass" : "vantiqButton",
        "actionMenuLabel" : null,
        "actionMenuTopic" : null,
        "borderColor" : "Default",
        "borderWidth" : 0,
        "buttonBackgroundColor" : "#50be87",
        "buttonLabel" : "Room Checked - Temperature OK",
        "buttonLabelColor" : "#ffffff",
        "buttonLabelSize" : 18,
        "buttonLabelStyle" : "plain",
        "h" : 50,
        "heightPolicy" : 0,
        "horzGravity" : 4,
        "horzMargin" : 10,
        "innerMargin" : 0,
        "isDraggable" : true,
        "isSelectable" : true,
        "label" : "",
        "labelAlign" : "center",
        "labelColor" : "#000000",
        "labelFontSize" : 14,
        "labelStyle" : "plain",
        "name" : "Button1",
        "type" : "PIInlineButton",
        "v" : 14,
        "value" : 0,
        "vertGravity" : 4,
        "vertMargin" : 10,
        "w" : 370,
        "widthPolicy" : 2,
        "x" : 5,
        "y" : 252
      }, {
        "CSSClass" : "vantiqButton",
        "actionMenuLabel" : null,
        "actionMenuTopic" : null,
        "borderColor" : "Default",
        "borderWidth" : 0,
        "buttonBackgroundColor" : "#ff0000",
        "buttonLabel" : "Not available to check",
        "buttonLabelColor" : "#ffffff",
        "buttonLabelSize" : 18,
        "buttonLabelStyle" : "plain",
        "h" : 50,
        "heightPolicy" : 0,
        "horzGravity" : 4,
        "horzMargin" : 10,
        "innerMargin" : 0,
        "isDraggable" : true,
        "isSelectable" : true,
        "label" : "",
        "labelAlign" : "center",
        "labelColor" : "#000000",
        "labelFontSize" : 14,
        "labelStyle" : "plain",
        "name" : "Button9",
        "type" : "PIInlineButton",
        "v" : 14,
        "value" : 1,
        "vertGravity" : 4,
        "vertMargin" : 10,
        "w" : 370,
        "widthPolicy" : 2,
        "x" : 5,
        "y" : 307
      } ],
      "data" : {
        "properties" : { }
      },
      "fields" : [ ],
      "footerChildren" : [ ],
      "layoutType" : "mobile",
      "responseTopic" : "/my/response/topic"
    }
  }
}