{
  "ars_properties" : {
    "tags" : [ "#launchable" ]
  },
  "controllers" : {
    "client" : {
      "customCode" : "$('.navbarIcon').css(\"background-image\", \"url(https://dev.vantiq.com/ui/docs/NS/Your_VantiqWorkspaceName/images/OrangeLogo.png)\");\n$(\".navbarIcon\").css(\"width\", \"60px\");\n$(\".navbarIcon\").css(\"height\", \"60px\");\n$('.navbarIcon').css(\"background-repeat\", \"no-repeat\");\n\n$(\"#rtcTitle\" ).remove();\n$(\".main-header .logo\").css({'height':'60px'}); // Hauteur du bandeau du haut\n$(\".navbar\").css(\"background-color\", \"#000000\"); // Couleur de la bare de navigation\n$(\".logo\").css(\"background-color\", \"#000000\"); // Couleur du fond sous le logo + hauteur du bandeau\n$(\".skin-blue .main-header .navbar .nav > li > a\").css(\"color\", \"#444444\");  // Theme de la bare du haut, couleur de police du nom du user et Namespace VANTIQ, au format CSS,\n\n"
    },
    "dataStream" : {
      "Asset1DataStream" : { },
      "Asset2DataStream" : { },
      "Asset3DataStream" : { },
      "Asset4DataStream" : { },
      "Asset5DataStream" : { },
      "AssetStatusStream" : { },
      "CurrentAssetStream" : { }
    },
    "page" : {
      "AssetDetails" : {
        "onStart" : "this.data.CurrentName = parameters.Name;\nthis.data.CurrentStatus = parameters.Status;\n// adjust the query\nvar ds = client.getDataStreamByName(\"CurrentAssetStream\");\nvar p = new TimedQueryParameters();\np.whereClause = { Name: parameters.Name}; \nclient.modifyTimedQuery(ds,p);",
        "widgets" : { }
      },
      "Start" : {
        "onClientStart" : "ds = client.getDataStreamByName(\"AssetStatusStream\");\nds.restart();\n\nds = client.getDataStreamByName(\"Asset1DataStream\");\nds.restart();\n\nds = client.getDataStreamByName(\"Asset2DataStream\");\nds.restart();\n\nds = client.getDataStreamByName(\"Asset3DataStream\");\nds.restart();\n\nds = client.getDataStreamByName(\"Asset4DataStream\");\nds.restart();\n\nds = client.getDataStreamByName(\"Asset5DataStream\");\nds.restart();\n",
        "onStart" : "ds = client.getDataStreamByName(\"AssetStatusStream\");\nds.restart();\n\nds = client.getDataStreamByName(\"Asset1DataStream\");\nds.restart();\n\nds = client.getDataStreamByName(\"Asset2DataStream\");\nds.restart();\n\nds = client.getDataStreamByName(\"Asset3DataStream\");\nds.restart();\n\nds = client.getDataStreamByName(\"Asset4DataStream\");\nds.restart();\n\nds = client.getDataStreamByName(\"Asset5DataStream\");\nds.restart();\n",
        "widgets" : {
          "DataTable4" : {
            "onSelect" : "client.goToPage(\"AssetDetails\", extra);"
          }
        }
      }
    },
    "topbar" : {
      "widgets" : {
        "Button111" : {
          "onClick" : "client.goToPage(\"Start\");\nds = client.getDataStreamByName(\"AssetStatusStream\");\nds.restart();\n\nds = client.getDataStreamByName(\"Asset1DataStream\");\nds.restart();\n\nds = client.getDataStreamByName(\"Asset2DataStream\");\nds.restart();\n\nds = client.getDataStreamByName(\"Asset3DataStream\");\nds.restart();\n\nds = client.getDataStreamByName(\"Asset4DataStream\");\nds.restart();\n\nds = client.getDataStreamByName(\"Asset5DataStream\");\nds.restart();\n\nclient.goToPage(\"Start\");"
        }
      }
    }
  },
  "isLaunchable" : true,
  "models" : {
    "dataObjects" : {
      "__GLOBAL__" : {
        "properties" : { }
      },
      "__PARAMETERS__" : {
        "properties" : { }
      }
    },
    "dataStreams" : [ {
      "advancedWhereClause" : null,
      "basicQueryElement" : [ ],
      "dataObjectName" : null,
      "dataTypeList" : [ {
        "label" : null,
        "type" : "Asset"
      } ],
      "isDeleteOp" : false,
      "isInsertOp" : false,
      "isUpdateOp" : false,
      "maxRecords" : 0,
      "name" : "AssetStatusStream",
      "property" : "Name",
      "sortByProperty" : null,
      "sortDescending" : false,
      "topic" : "/stream/LiveObject_SLMeter",
      "type" : 4,
      "updateInterval" : 5,
      "uuid" : "c01ae29c-c5b0-49d4-aa8d-f16fba9556b2",
      "v" : 1
    }, {
      "advancedWhereClause" : null,
      "basicQueryElement" : [ ],
      "dataObjectName" : null,
      "dataTypeList" : [ {
        "label" : null,
        "type" : "Asset"
      } ],
      "isDeleteOp" : false,
      "isInsertOp" : false,
      "isUpdateOp" : false,
      "maxRecords" : 0,
      "name" : "CurrentAssetStream",
      "property" : "Name",
      "sortByProperty" : null,
      "sortDescending" : false,
      "type" : 4,
      "updateInterval" : 60,
      "uuid" : "8c062941-1273-480b-91ab-b495fed2d35f",
      "v" : 1
    }, {
      "advancedWhereClause" : null,
      "basicQueryElement" : [ {
        "name" : "Name",
        "operator" : "EQ",
        "value" : "Room 1"
      } ],
      "dataObjectName" : null,
      "dataTypeList" : [ {
        "label" : null,
        "type" : "Asset"
      } ],
      "isAdvancedQuery" : false,
      "isDeleteOp" : false,
      "isInsertOp" : false,
      "isUpdateOp" : false,
      "maxRecords" : 0,
      "name" : "Asset1DataStream",
      "property" : "Name",
      "sortByProperty" : null,
      "sortDescending" : false,
      "type" : 4,
      "updateInterval" : 5,
      "uuid" : "47b4128f-cd33-4862-8be6-9a7cd24c557e",
      "v" : 1
    }, {
      "advancedWhereClause" : null,
      "basicQueryElement" : [ {
        "name" : "Name",
        "operator" : "EQ",
        "value" : "Room 2"
      } ],
      "dataObjectName" : null,
      "dataTypeList" : [ {
        "label" : null,
        "type" : "Asset"
      } ],
      "isDeleteOp" : false,
      "isInsertOp" : false,
      "isUpdateOp" : false,
      "maxRecords" : 0,
      "name" : "Asset2DataStream",
      "property" : null,
      "sortByProperty" : null,
      "sortDescending" : false,
      "type" : 4,
      "updateInterval" : 5,
      "uuid" : "df1561c5-c747-4a96-bd15-93c23bff4e52",
      "v" : 1
    }, {
      "advancedWhereClause" : null,
      "basicQueryElement" : [ {
        "name" : "Name",
        "operator" : "EQ",
        "value" : "Room 3"
      } ],
      "dataObjectName" : null,
      "dataTypeList" : [ {
        "label" : null,
        "type" : "Asset"
      } ],
      "isDeleteOp" : false,
      "isInsertOp" : false,
      "isUpdateOp" : false,
      "maxRecords" : 0,
      "name" : "Asset3DataStream",
      "property" : null,
      "sortByProperty" : null,
      "sortDescending" : false,
      "type" : 4,
      "updateInterval" : 5,
      "uuid" : "64b7b98d-4a70-4686-80cf-9924f1c1e9f9",
      "v" : 1
    }, {
      "advancedWhereClause" : null,
      "basicQueryElement" : [ {
        "name" : "Name",
        "operator" : "EQ",
        "value" : "Room 4"
      } ],
      "dataObjectName" : null,
      "dataTypeList" : [ {
        "label" : null,
        "type" : "Asset"
      } ],
      "isDeleteOp" : false,
      "isInsertOp" : false,
      "isUpdateOp" : false,
      "maxRecords" : 0,
      "name" : "Asset4DataStream",
      "property" : "Name",
      "sortByProperty" : null,
      "sortDescending" : false,
      "type" : 4,
      "updateInterval" : 5,
      "uuid" : "ac93e705-8924-40bd-a167-f9480462ecec",
      "v" : 1
    }, {
      "advancedWhereClause" : null,
      "basicQueryElement" : [ {
        "name" : "Name",
        "operator" : "EQ",
        "value" : "Room 5"
      } ],
      "dataObjectName" : null,
      "dataTypeList" : [ {
        "label" : null,
        "type" : "Asset"
      } ],
      "isDeleteOp" : false,
      "isInsertOp" : false,
      "isUpdateOp" : false,
      "maxRecords" : 0,
      "name" : "Asset5DataStream",
      "property" : null,
      "sortByProperty" : null,
      "sortDescending" : false,
      "type" : 4,
      "updateInterval" : 5,
      "uuid" : "f01537fa-a7aa-4894-9389-405aa3c551c3",
      "v" : 1
    } ]
  },
  "name" : "Temperature Control Dashboard",
  "options" : {
    "badgeCount" : 0,
    "description" : "",
    "hasTopbar" : true,
    "isExpertMode" : true,
    "showGridWhileEditing" : true,
    "showOutlinesWhileEditing" : true,
    "theme" : {
      "accentColor1" : "#ff7900",
      "backgroundColor" : "#ffffff",
      "borderColor" : "#000000",
      "foregroundColor" : "#000000",
      "label" : "Custom",
      "name" : "custom",
      "v" : 2
    },
    "topbar" : {
      "CSSClass" : "vantiqHorizontalLayout",
      "actionMenuLabel" : null,
      "actionMenuTopic" : null,
      "bgColor" : "#000000",
      "borderColor" : "Default",
      "borderWidth" : 0,
      "h" : 55,
      "heightPolicy" : 2,
      "horzGravity" : 4,
      "horzMargin" : 0,
      "innerMargin" : 0,
      "isDraggable" : false,
      "isSelectable" : false,
      "isSelectableOnly" : true,
      "kids" : [ {
        "CSSClass" : "vantiqButton",
        "actionMenuLabel" : null,
        "actionMenuTopic" : null,
        "borderColor" : "Default",
        "borderWidth" : 0,
        "buttonBackgroundColor" : "#000000",
        "buttonLabel" : "Home",
        "buttonLabelColor" : "#ff7900",
        "buttonLabelSize" : 22,
        "buttonLabelStyle" : "plain",
        "h" : 55,
        "heightPolicy" : 0,
        "horzGravity" : 0,
        "horzMargin" : 10,
        "innerMargin" : 0,
        "isDraggable" : true,
        "isSelectable" : true,
        "label" : "",
        "labelAlign" : "left",
        "labelColor" : "#ffffff",
        "labelFontSize" : 14,
        "labelStyle" : "plain",
        "name" : "Button111",
        "type" : "PIInlineButton",
        "v" : 14,
        "value" : 100,
        "vertGravity" : 3,
        "vertMargin" : 10,
        "w" : 91,
        "widthPolicy" : 2,
        "x" : 0,
        "y" : 0
      }, {
        "CSSClass" : "vantiqStaticText",
        "actionMenuLabel" : null,
        "actionMenuTopic" : null,
        "borderColor" : "Default",
        "borderWidth" : 0,
        "fgColor" : "#ff7900",
        "fontFace" : "Arial,Verdana",
        "fontSize" : 20,
        "fontStyle" : "normal",
        "fontWeight" : "normal",
        "h" : 24,
        "heightPolicy" : 0,
        "horzGravity" : 4,
        "horzWeight" : 200,
        "isDraggable" : true,
        "isSelectable" : true,
        "name" : "StaticText516",
        "text" : "Temperature Control Dashboard",
        "type" : "TextLabel",
        "v" : 14,
        "vertGravity" : 4,
        "w" : 286,
        "widthPolicy" : 0,
        "x" : 549,
        "y" : 15.5
      } ],
      "name" : "_Topbar_",
      "packTight" : true,
      "type" : "HorizontalContainer",
      "v" : 14,
      "vertGravity" : 4,
      "vertMargin" : 0,
      "vertWeight" : 1,
      "w" : 1293,
      "widthPolicy" : 0,
      "x" : 0,
      "y" : 0
    },
    "v" : 3
  },
  "targetDevice" : "browser",
  "userList" : [ ],
  "views" : {
    "AssetDetails" : {
      "bodyChildren" : [ {
        "CSSClass" : "vantiqStaticText",
        "actionMenuLabel" : null,
        "actionMenuTopic" : null,
        "borderColor" : "Default",
        "borderWidth" : 0,
        "fgColor" : "#000000",
        "fontFace" : "inherit",
        "fontSize" : 22,
        "fontStyle" : "normal",
        "fontWeight" : "bold",
        "h" : 0,
        "heightPolicy" : 0,
        "horzGravity" : 4,
        "isDraggable" : true,
        "isSelectable" : true,
        "name" : "StaticText462",
        "text" : "Asset",
        "type" : "TextLabel",
        "v" : 14,
        "vertGravity" : 4,
        "w" : 0,
        "widthPolicy" : 0,
        "x" : 100,
        "y" : 80
      }, {
        "CSSClass" : "vantiqInputString",
        "actionMenuLabel" : null,
        "actionMenuTopic" : null,
        "binding" : "page.data.CurrentName",
        "borderColor" : "Default",
        "borderWidth" : 0,
        "default" : "",
        "h" : 54,
        "heightPolicy" : 0,
        "horzGravity" : 4,
        "horzMargin" : 10,
        "innerMargin" : 0,
        "isDraggable" : true,
        "isPassword" : false,
        "isSelectable" : true,
        "label" : "",
        "labelAlign" : "center",
        "labelColor" : null,
        "labelFontSize" : 14,
        "labelStyle" : "plain",
        "name" : "InputString22",
        "optional" : true,
        "placeholder" : "",
        "type" : "PIInputString",
        "v" : 14,
        "vertGravity" : 4,
        "vertMargin" : 10,
        "w" : 120,
        "widthPolicy" : 2,
        "x" : 160,
        "y" : 70
      }, {
        "CSSClass" : "vantiqStaticText",
        "actionMenuLabel" : null,
        "actionMenuTopic" : null,
        "borderColor" : "Default",
        "borderWidth" : 0,
        "fgColor" : "#000000",
        "fontFace" : "inherit",
        "fontSize" : 22,
        "fontStyle" : "normal",
        "fontWeight" : "bold",
        "h" : 0,
        "heightPolicy" : 0,
        "horzGravity" : 4,
        "isDraggable" : true,
        "isSelectable" : true,
        "name" : "StaticText463",
        "text" : "Status",
        "type" : "TextLabel",
        "v" : 14,
        "vertGravity" : 4,
        "w" : 0,
        "widthPolicy" : 0,
        "x" : 400,
        "y" : 80
      }, {
        "CSSClass" : "vantiqInputString",
        "actionMenuLabel" : null,
        "actionMenuTopic" : null,
        "binding" : "page.data.CurrentStatus",
        "borderColor" : "Default",
        "borderWidth" : 0,
        "default" : "",
        "h" : 54,
        "heightPolicy" : 0,
        "horzGravity" : 4,
        "horzMargin" : 10,
        "innerMargin" : 0,
        "isDraggable" : true,
        "isPassword" : false,
        "isSelectable" : true,
        "label" : "",
        "labelAlign" : "center",
        "labelColor" : null,
        "labelFontSize" : 14,
        "labelStyle" : "plain",
        "name" : "InputString23",
        "optional" : true,
        "placeholder" : "",
        "type" : "PIInputString",
        "v" : 14,
        "vertGravity" : 4,
        "vertMargin" : 10,
        "w" : 120,
        "widthPolicy" : 2,
        "x" : 470,
        "y" : 70
      }, {
        "CSSClass" : "vantiqStaticText",
        "actionMenuLabel" : null,
        "actionMenuTopic" : null,
        "borderColor" : "Default",
        "borderWidth" : 0,
        "fgColor" : "#ff7900",
        "fontFace" : "inherit",
        "fontSize" : 22,
        "fontStyle" : "normal",
        "fontWeight" : "bold",
        "h" : 0,
        "heightPolicy" : 0,
        "horzGravity" : 4,
        "isDraggable" : true,
        "isSelectable" : true,
        "name" : "StaticText167",
        "text" : "Temperature",
        "type" : "TextLabel",
        "v" : 14,
        "vertGravity" : 4,
        "w" : 0,
        "widthPolicy" : 0,
        "x" : 100,
        "y" : 170
      }, {
        "CSSClass" : "vantiqStaticText",
        "actionMenuLabel" : null,
        "actionMenuTopic" : null,
        "borderColor" : "Default",
        "borderWidth" : 0,
        "fgColor" : "#ff7900",
        "fontFace" : "inherit",
        "fontSize" : 22,
        "fontStyle" : "normal",
        "fontWeight" : "bold",
        "h" : 0,
        "heightPolicy" : 0,
        "horzGravity" : 4,
        "isDraggable" : true,
        "isSelectable" : true,
        "name" : "StaticText460",
        "text" : "Localisation",
        "type" : "TextLabel",
        "v" : 14,
        "vertGravity" : 4,
        "w" : 0,
        "widthPolicy" : 0,
        "x" : 550,
        "y" : 170
      }, {
        "CSSClass" : "vantiqGauge",
        "actionMenuLabel" : null,
        "actionMenuTopic" : null,
        "borderColor" : "Default",
        "borderWidth" : 2,
        "dataStreamGroupedByFiltersString" : "",
        "dataStreamPropertyList" : [ ],
        "dataStreamUUID" : "8c062941-1273-480b-91ab-b495fed2d35f",
        "dataType" : null,
        "greenZones" : "-30:-19",
        "h" : 310,
        "heightPolicy" : 1,
        "horzGravity" : 4,
        "isDraggable" : true,
        "isSelectable" : true,
        "maximum" : 0,
        "minimum" : -30,
        "minorTicks" : 5,
        "name" : "Gauge14",
        "naturalKey" : null,
        "naturalKeyValue" : null,
        "operation" : "insert",
        "propertyName" : "Temperature",
        "redZones" : "-15:0",
        "type" : "GaugeWidget",
        "v" : 14,
        "vertGravity" : 4,
        "w" : 310,
        "widthPolicy" : 1,
        "x" : 100,
        "y" : 200,
        "yellowZones" : "-19:-15"
      }, {
        "CSSClass" : "vantiqFloorplanViewer",
        "actionMenuLabel" : null,
        "actionMenuTopic" : null,
        "borderColor" : "Default",
        "borderWidth" : 0,
        "dataStreamGroupedByFiltersString" : "",
        "dataStreamPropertyList" : [ ],
        "dataStreamUUID" : "8c062941-1273-480b-91ab-b495fed2d35f",
        "dataType" : null,
        "flheight" : 35,
        "flwidth" : 50,
        "h" : 310,
        "heightPolicy" : 1,
        "horzGravity" : 4,
        "isDraggable" : true,
        "isScaleable" : true,
        "isSelectable" : true,
        "labelName" : "Status",
        "name" : "FloorplanViewer26",
        "naturalKey" : null,
        "operation" : "insert",
        "propertyName" : "IndoorLocation",
        "scale" : 1,
        "type" : "FloorPlanWidget",
        "url" : "../docs/NS/Orange_SoleneQuelard/images/OrangelabsMeylan.png",
        "v" : 14,
        "vertGravity" : 4,
        "w" : 540,
        "widthPolicy" : 1,
        "x" : 550,
        "y" : 200
      } ],
      "data" : {
        "properties" : {
          "CurrentName" : {
            "defaultLabel" : "CurrentName",
            "type" : "String"
          },
          "CurrentStatus" : {
            "defaultLabel" : "CurrentStatus",
            "type" : "String"
          }
        }
      },
      "fields" : [ ],
      "footerChildren" : [ ],
      "layoutType" : "browser",
      "responseTopic" : ""
    },
    "Start" : {
      "bodyChildren" : [ {
        "CSSClass" : "vantiqLabel",
        "actionMenuLabel" : null,
        "actionMenuTopic" : null,
        "borderColor" : "Default",
        "borderWidth" : 0,
        "h" : 49,
        "heightPolicy" : 0,
        "horzGravity" : 4,
        "horzMargin" : 10,
        "innerMargin" : 0,
        "isDraggable" : true,
        "isSelectable" : true,
        "label" : "Asset Status",
        "labelAlign" : "center",
        "labelColor" : "#ff7900",
        "labelFontSize" : 22,
        "labelStyle" : "bold",
        "name" : "Label1",
        "type" : "PIText",
        "v" : 14,
        "vertGravity" : 4,
        "vertMargin" : 10,
        "w" : 138,
        "widthPolicy" : 2,
        "x" : 40,
        "y" : 50
      }, {
        "CSSClass" : "vantiqStaticText",
        "actionMenuLabel" : null,
        "actionMenuTopic" : null,
        "borderColor" : "Default",
        "borderWidth" : 0,
        "fgColor" : "#ff7900",
        "fontFace" : "inherit",
        "fontSize" : 22,
        "fontStyle" : "normal",
        "fontWeight" : "bold",
        "h" : 29,
        "heightPolicy" : 0,
        "horzGravity" : 4,
        "isDraggable" : true,
        "isSelectable" : true,
        "name" : "StaticText397",
        "text" : "Localisation",
        "type" : "TextLabel",
        "v" : 14,
        "vertGravity" : 4,
        "w" : 118,
        "widthPolicy" : 0,
        "x" : 769.9999694824219,
        "y" : 60
      }, {
        "CSSClass" : "vantiqDataTable",
        "actionMenuLabel" : null,
        "actionMenuTopic" : null,
        "borderColor" : "Default",
        "borderWidth" : 2,
        "cellFontColor" : "#000000",
        "cellFontFace" : "inherit",
        "cellFontSize" : 14,
        "cellFontStyle" : "plain",
        "columns" : [ {
          "colorRules" : null,
          "dataType" : "String",
          "propertyName" : "Name",
          "selected" : false,
          "title" : "Name"
        }, {
          "colorRules" : null,
          "dataType" : "String",
          "propertyName" : "SensorId",
          "selected" : false,
          "title" : "SensorId"
        }, {
          "colorRules" : [ {
            "bgColor" : "#ffffff",
            "fgColor" : "#50be87",
            "operator" : 1,
            "value" : "NORMAL"
          }, {
            "bgColor" : "#ffffff",
            "fgColor" : "#ff7900",
            "operator" : 1,
            "value" : "A RISQUE"
          }, {
            "bgColor" : "#ffffff",
            "fgColor" : "#ff0000",
            "operator" : 1,
            "value" : "CRITIQUE"
          } ],
          "dataType" : "String",
          "propertyName" : "Status",
          "selected" : false,
          "title" : "Status"
        } ],
        "dataStreamGroupedByFiltersString" : "",
        "dataStreamPropertyList" : [ ],
        "dataStreamUUID" : "c01ae29c-c5b0-49d4-aa8d-f16fba9556b2",
        "dataType" : null,
        "h" : 294,
        "headerFontColor" : "#000000",
        "headerFontFace" : "inherit",
        "headerFontSize" : 14,
        "headerFontStyle" : "plain",
        "heightPolicy" : 0,
        "horzGravity" : 4,
        "isDraggable" : true,
        "isSelectable" : true,
        "name" : "DataTable4",
        "operation" : "insert",
        "propertyName" : null,
        "rowsPerPage" : 5,
        "type" : "DataTableWidget",
        "v" : 14,
        "vertGravity" : 4,
        "w" : 670,
        "widthPolicy" : 1,
        "x" : 50,
        "y" : 90
      }, {
        "CSSClass" : "vantiqFloorplanViewer",
        "actionMenuLabel" : null,
        "actionMenuTopic" : null,
        "borderColor" : "Default",
        "borderWidth" : 0,
        "dataStreamGroupedByFiltersString" : "",
        "dataStreamPropertyList" : [ ],
        "dataStreamUUID" : "c01ae29c-c5b0-49d4-aa8d-f16fba9556b2",
        "dataType" : null,
        "flheight" : 35,
        "flwidth" : 50,
        "h" : 300,
        "heightPolicy" : 1,
        "horzGravity" : 4,
        "isDraggable" : true,
        "isScaleable" : true,
        "isSelectable" : true,
        "labelName" : "Name",
        "name" : "FloorplanViewer7",
        "naturalKey" : null,
        "operation" : "insert",
        "propertyName" : "IndoorLocation",
        "scale" : 1,
        "type" : "FloorPlanWidget",
        "url" : "../docs/NS/Your_VantiqWorkspaceName/images/FloorPlanTutorial.png",
        "v" : 14,
        "vertGravity" : 4,
        "w" : 520,
        "widthPolicy" : 1,
        "x" : 769.9999694824219,
        "y" : 90
      }, {
        "CSSClass" : "vantiqStaticText",
        "actionMenuLabel" : null,
        "actionMenuTopic" : null,
        "borderColor" : "Default",
        "borderWidth" : 0,
        "fgColor" : "#ff7900",
        "fontFace" : "inherit",
        "fontSize" : 22,
        "fontStyle" : "normal",
        "fontWeight" : "bold",
        "h" : 29,
        "heightPolicy" : 0,
        "horzGravity" : 4,
        "isDraggable" : true,
        "isSelectable" : true,
        "name" : "StaticText398",
        "text" : "Temperature",
        "type" : "TextLabel",
        "v" : 14,
        "vertGravity" : 4,
        "w" : 125,
        "widthPolicy" : 0,
        "x" : 50,
        "y" : 400
      }, {
        "CSSClass" : "vantiqGauge",
        "actionMenuLabel" : null,
        "actionMenuTopic" : null,
        "borderColor" : "Default",
        "borderWidth" : 2,
        "dataStreamGroupedByFiltersString" : "",
        "dataStreamPropertyList" : [ ],
        "dataStreamUUID" : "47b4128f-cd33-4862-8be6-9a7cd24c557e",
        "dataType" : null,
        "greenZones" : "-30:-19",
        "h" : 200,
        "heightPolicy" : 1,
        "horzGravity" : 4,
        "isDraggable" : true,
        "isSelectable" : true,
        "maximum" : 0,
        "minimum" : -30,
        "minorTicks" : 5,
        "name" : "GaugeRoom1",
        "naturalKey" : null,
        "naturalKeyValue" : null,
        "operation" : "insert",
        "propertyName" : "Temperature",
        "redZones" : "-15:0",
        "type" : "GaugeWidget",
        "v" : 14,
        "vertGravity" : 4,
        "w" : 200,
        "widthPolicy" : 1,
        "x" : 50,
        "y" : 430,
        "yellowZones" : "-19:-15"
      }, {
        "CSSClass" : "vantiqGauge",
        "actionMenuLabel" : null,
        "actionMenuTopic" : null,
        "borderColor" : "Default",
        "borderWidth" : 2,
        "dataStreamGroupedByFiltersString" : "",
        "dataStreamPropertyList" : [ ],
        "dataStreamUUID" : "df1561c5-c747-4a96-bd15-93c23bff4e52",
        "dataType" : null,
        "greenZones" : "-30:-19",
        "h" : 200,
        "heightPolicy" : 1,
        "horzGravity" : 4,
        "isDraggable" : true,
        "isSelectable" : true,
        "maximum" : 0,
        "minimum" : -30,
        "minorTicks" : 5,
        "name" : "GaugeRoom2",
        "naturalKey" : null,
        "naturalKeyValue" : null,
        "operation" : "insert",
        "propertyName" : "Temperature",
        "redZones" : "-15:0",
        "type" : "GaugeWidget",
        "v" : 14,
        "vertGravity" : 4,
        "w" : 200,
        "widthPolicy" : 1,
        "x" : 310,
        "y" : 430,
        "yellowZones" : "-19:-15"
      }, {
        "CSSClass" : "vantiqGauge",
        "actionMenuLabel" : null,
        "actionMenuTopic" : null,
        "borderColor" : "Default",
        "borderWidth" : 2,
        "dataStreamGroupedByFiltersString" : "",
        "dataStreamPropertyList" : [ ],
        "dataStreamUUID" : "64b7b98d-4a70-4686-80cf-9924f1c1e9f9",
        "dataType" : null,
        "greenZones" : "-30:-19",
        "h" : 200,
        "heightPolicy" : 1,
        "horzGravity" : 4,
        "isDraggable" : true,
        "isSelectable" : true,
        "maximum" : 0,
        "minimum" : -30,
        "minorTicks" : 5,
        "name" : "GaugeRoom3",
        "naturalKey" : null,
        "naturalKeyValue" : null,
        "operation" : "insert",
        "propertyName" : "Temperature",
        "redZones" : "-15:0",
        "type" : "GaugeWidget",
        "v" : 14,
        "vertGravity" : 4,
        "w" : 200,
        "widthPolicy" : 1,
        "x" : 570,
        "y" : 430,
        "yellowZones" : "-19:-15"
      }, {
        "CSSClass" : "vantiqGauge",
        "actionMenuLabel" : null,
        "actionMenuTopic" : null,
        "borderColor" : "Default",
        "borderWidth" : 2,
        "dataStreamGroupedByFiltersString" : "",
        "dataStreamPropertyList" : [ ],
        "dataStreamUUID" : "ac93e705-8924-40bd-a167-f9480462ecec",
        "dataType" : null,
        "greenZones" : "-30:-19",
        "h" : 200,
        "heightPolicy" : 1,
        "horzGravity" : 4,
        "isDraggable" : true,
        "isSelectable" : true,
        "maximum" : 0,
        "minimum" : -30,
        "minorTicks" : 5,
        "name" : "GaugeRoom4",
        "naturalKey" : null,
        "naturalKeyValue" : null,
        "operation" : "insert",
        "propertyName" : "Temperature",
        "redZones" : "-15:0",
        "type" : "GaugeWidget",
        "v" : 14,
        "vertGravity" : 4,
        "w" : 200,
        "widthPolicy" : 1,
        "x" : 830,
        "y" : 430,
        "yellowZones" : "-19:-15"
      }, {
        "CSSClass" : "vantiqGauge",
        "actionMenuLabel" : null,
        "actionMenuTopic" : null,
        "borderColor" : "Default",
        "borderWidth" : 2,
        "dataStreamGroupedByFiltersString" : "",
        "dataStreamPropertyList" : [ ],
        "dataStreamUUID" : "f01537fa-a7aa-4894-9389-405aa3c551c3",
        "dataType" : null,
        "greenZones" : "-30:-19",
        "h" : 200,
        "heightPolicy" : 1,
        "horzGravity" : 4,
        "isDraggable" : true,
        "isSelectable" : true,
        "maximum" : 0,
        "minimum" : -30,
        "minorTicks" : 5,
        "name" : "GaugeRoom5",
        "naturalKey" : null,
        "naturalKeyValue" : null,
        "operation" : "insert",
        "propertyName" : "Temperature",
        "redZones" : "-15:0",
        "type" : "GaugeWidget",
        "v" : 14,
        "vertGravity" : 4,
        "w" : 200,
        "widthPolicy" : 1,
        "x" : 1090,
        "y" : 430,
        "yellowZones" : "-19:-15"
      }, {
        "CSSClass" : "vantiqStaticText",
        "actionMenuLabel" : null,
        "actionMenuTopic" : null,
        "borderColor" : "Default",
        "borderWidth" : 0,
        "fontFace" : "inherit",
        "fontSize" : 20,
        "fontStyle" : "normal",
        "fontWeight" : "normal",
        "h" : 26,
        "heightPolicy" : 0,
        "horzGravity" : 4,
        "isDraggable" : true,
        "isSelectable" : true,
        "name" : "StaticText264",
        "text" : "Room 1",
        "type" : "TextLabel",
        "v" : 14,
        "vertGravity" : 4,
        "w" : 63,
        "widthPolicy" : 0,
        "x" : 120,
        "y" : 630
      }, {
        "CSSClass" : "vantiqStaticText",
        "actionMenuLabel" : null,
        "actionMenuTopic" : null,
        "borderColor" : "Default",
        "borderWidth" : 0,
        "fontFace" : "inherit",
        "fontSize" : 20,
        "fontStyle" : "normal",
        "fontWeight" : "normal",
        "h" : 26,
        "heightPolicy" : 0,
        "horzGravity" : 4,
        "isDraggable" : true,
        "isSelectable" : true,
        "name" : "StaticText265",
        "text" : "Room 2",
        "type" : "TextLabel",
        "v" : 14,
        "vertGravity" : 4,
        "w" : 63,
        "widthPolicy" : 0,
        "x" : 390,
        "y" : 630
      }, {
        "CSSClass" : "vantiqStaticText",
        "actionMenuLabel" : null,
        "actionMenuTopic" : null,
        "borderColor" : "Default",
        "borderWidth" : 0,
        "fontFace" : "inherit",
        "fontSize" : 20,
        "fontStyle" : "normal",
        "fontWeight" : "normal",
        "h" : 26,
        "heightPolicy" : 0,
        "horzGravity" : 4,
        "isDraggable" : true,
        "isSelectable" : true,
        "name" : "StaticText266",
        "text" : "Room 3",
        "type" : "TextLabel",
        "v" : 14,
        "vertGravity" : 4,
        "w" : 63,
        "widthPolicy" : 0,
        "x" : 650,
        "y" : 630
      }, {
        "CSSClass" : "vantiqStaticText",
        "actionMenuLabel" : null,
        "actionMenuTopic" : null,
        "borderColor" : "Default",
        "borderWidth" : 0,
        "fontFace" : "inherit",
        "fontSize" : 20,
        "fontStyle" : "normal",
        "fontWeight" : "normal",
        "h" : 26,
        "heightPolicy" : 0,
        "horzGravity" : 4,
        "isDraggable" : true,
        "isSelectable" : true,
        "name" : "StaticText267",
        "text" : "Room 4",
        "type" : "TextLabel",
        "v" : 14,
        "vertGravity" : 4,
        "w" : 63,
        "widthPolicy" : 0,
        "x" : 900,
        "y" : 630
      }, {
        "CSSClass" : "vantiqStaticText",
        "actionMenuLabel" : null,
        "actionMenuTopic" : null,
        "borderColor" : "Default",
        "borderWidth" : 0,
        "fontFace" : "inherit",
        "fontSize" : 20,
        "fontStyle" : "normal",
        "fontWeight" : "normal",
        "h" : 26,
        "heightPolicy" : 0,
        "horzGravity" : 4,
        "isDraggable" : true,
        "isSelectable" : true,
        "name" : "StaticText268",
        "text" : "Room 5",
        "type" : "TextLabel",
        "v" : 14,
        "vertGravity" : 4,
        "w" : 63,
        "widthPolicy" : 0,
        "x" : 1170,
        "y" : 630
      } ],
      "data" : {
        "properties" : { }
      },
      "fields" : [ ],
      "footerChildren" : [ ],
      "layoutType" : "browser",
      "responseTopic" : "/my/response/topic"
    }
  }
}