{
  "activationConstraint" : "",
  "active" : false,
  "config" : {
    "password" : "Vantiq0207!",
    "pollingInterval" : 0,
    "requestDefaults" : {
      "contentType" : "application/json",
      "headers" : {
        "X-API-KEY" : " your own API KEY"
      },
      "responseType" : "application/json"
    },
    "uri" : "https://liveobjects.orange-business.com",
    "username" : "solene.quelard@orange.com"
  },
  "direction" : "BOTH",
  "name" : "LiveObjectsRemoteSource",
  "type" : "REMOTE"
}