{
  "active" : true,
  "appType" : false,
  "assembly" : {
    "EscalateController" : {
      "additionalBehaviors" : [ ],
      "cancellationCondition" : [ ],
      "completionCondition" : [ ],
      "configuration" : {
        "escalationBehaviors" : [ {
          "behaviors" : [ {
            "description" : null,
            "name" : "SendMailToChiefofService",
            "parameters" : [ {
              "name" : "NoRoom",
              "type" : "expression",
              "value" : "AssetInfo.Name"
            } ],
            "type" : "service"
          }, {
            "description" : null,
            "name" : "CollaborationUtils.closeCollaboration",
            "parameters" : [ {
              "name" : "collaborationId",
              "type" : "expression",
              "value" : "collaboration.id"
            } ],
            "type" : "service"
          } ],
          "condition" : "true",
          "description" : null,
          "name" : "escalate"
        } ],
        "escalationTime" : 60
      },
      "continuationCondition" : [ ],
      "description" : null,
      "instanceParameters" : [ "${AssetInfo.Name}", "AssetInfo" ],
      "name" : "EscalateController",
      "pattern" : "Escalation"
    },
    "Initiate" : {
      "additionalBehaviors" : [ {
        "behaviors" : [ {
          "description" : null,
          "name" : "NotifyTemperatureController",
          "parameters" : [ {
            "name" : "collaboration",
            "type" : "reference",
            "value" : "collaboration"
          }, {
            "name" : "users",
            "type" : "expression",
            "value" : "[\"Your Vantiq ID\"]"
          } ],
          "type" : "activity"
        }, {
          "description" : null,
          "name" : "EscalateController",
          "parameters" : [ {
            "name" : "collaboration",
            "type" : "reference",
            "value" : "collaboration"
          }, {
            "name" : "escalationTimeOverride",
            "type" : "Integer",
            "value" : null
          } ],
          "type" : "activity"
        } ],
        "condition" : "true",
        "description" : null,
        "name" : null
      } ],
      "cancellationCondition" : [ ],
      "completionCondition" : [ ],
      "configuration" : {
        "entityRole" : "AssetInfo",
        "initialTrigger" : "WHEN INSERT OCCURS ON ArsSituation AS situation WHERE situation.name == \"StartCollaborationCriticalTemperature\""
      },
      "continuationCondition" : [ ],
      "description" : null,
      "instanceParameters" : [ "${AssetInfo.Name}", "AssetInfo" ],
      "name" : "Initiate",
      "pattern" : "InitiateCollaboration"
    },
    "NotifyTemperatureController" : {
      "additionalBehaviors" : [ ],
      "cancellationCondition" : [ ],
      "completionCondition" : [ ],
      "configuration" : {
        "body" : "“The temperature in ${AssetInfo.Name} has been below -15°C since 5 minutes. Please check”",
        "clientName" : "ControllerResponse",
        "firstResponseBehaviors" : [ ],
        "pushSourceName" : null,
        "responseBehaviors" : [ {
          "behaviors" : [ {
            "description" : null,
            "name" : "CollaborationUtils.closeCollaboration",
            "parameters" : [ {
              "name" : "collaborationId",
              "type" : "expression",
              "value" : "collaboration.id"
            } ],
            "type" : "service"
          } ],
          "condition" : "event.submitValue == 0",
          "description" : null,
          "name" : "response"
        }, {
          "behaviors" : [ {
            "description" : null,
            "name" : "CollaborationUtils.triggerEscalation",
            "parameters" : [ {
              "name" : "collaborationId",
              "type" : "expression",
              "value" : "collaboration.id"
            }, {
              "name" : "activityTypeName",
              "type" : "String",
              "value" : "EscalateController"
            } ],
            "type" : "service"
          } ],
          "condition" : "event.submitValue == 1",
          "description" : null,
          "name" : "response"
        } ],
        "title" : "Cold Storage Control Alert"
      },
      "continuationCondition" : [ ],
      "description" : null,
      "instanceParameters" : [ "${AssetInfo.Name}", "AssetInfo" ],
      "name" : "NotifyTemperatureController",
      "pattern" : "Notification"
    }
  },
  "collaboratorRoles" : [ "${AssetInfo.Name}" ],
  "currentState" : {
    "code" : "success"
  },
  "description" : "",
  "entityRoles" : [ {
    "name" : "AssetInfo",
    "type" : "Asset"
  } ],
  "keyTypes" : [ "system.collaborations" ],
  "name" : "StartCollaborationCriticalTemperature"
}