{
  "active" : true,
  "appType" : true,
  "assembly" : {
    "AssetStream" : {
      "configuration" : {
        "childStreams" : [ "LogAssetStream", "DwellCriticalState" ],
        "outboundResource" : null,
        "outboundResourceId" : null,
        "parentStreams" : [ "TempStream" ],
        "schema" : "Asset",
        "transformation" : "UpdateAssetInfos",
        "upsert" : false
      },
      "description" : null,
      "name" : "AssetStream",
      "pattern" : "Transformation"
    },
    "DwellCriticalState" : {
      "configuration" : {
        "childStreams" : [ "StartCollaborationCriticalTemperature" ],
        "condition" : "event.Temperature >= -15",
        "duration" : "15 seconds",
        "groupByProperty" : "Name",
        "groupByWindow" : null,
        "outboundResource" : null,
        "outboundResourceId" : null,
        "parentStreams" : [ "AssetStream" ],
        "upsert" : false
      },
      "description" : null,
      "name" : "DwellCriticalState",
      "pattern" : "Dwell"
    },
    "LogAssetStream" : {
      "configuration" : {
        "level" : "info",
        "parentStreams" : [ "AssetStream" ]
      },
      "description" : null,
      "name" : "LogAssetStream",
      "pattern" : "LogStream"
    },
    "StartCollaborationCriticalTemperature" : {
      "configuration" : {
        "collaboration" : "StartCollaborationCriticalTemperature",
        "entityConstraint" : "Name == event.Name",
        "entityType" : "Asset",
        "parentStreams" : [ "DwellCriticalState" ]
      },
      "description" : null,
      "name" : "StartCollaborationCriticalTemperature",
      "pattern" : "StartCollaboration"
    },
    "TempStream" : {
      "configuration" : {
        "childStreams" : [ "AssetStream" ],
        "inboundResource" : "topics",
        "inboundResourceId" : "/stream/LiveObject_SLTHSensor",
        "op" : null,
        "outboundResource" : null,
        "outboundResourceId" : null,
        "parentStreams" : [ ],
        "schema" : "TH_Meter",
        "upsert" : false
      },
      "description" : null,
      "name" : "TempStream",
      "pattern" : "EventStream"
    }
  },
  "collaboratorRoles" : [ ],
  "currentState" : {
    "code" : "success"
  },
  "description" : "",
  "entityRoles" : [ ],
  "keyTypes" : [ "system.collaborations" ],
  "name" : "TemperatureControlApp"
}