{
  "activationConstraint" : "",
  "active" : false,
  "config" : {
    "automaticReconnect" : true,
    "cleanSession" : true,
    "connectionTimeout" : 15,
    "contentType" : "application/json",
    "keepAliveInterval" : 15,
    "serverURIs" : [ "mqtt://liveobjects.orange-business.com:1883" ],
    "topics" : [ "fifo/vantiqFifo" ],
    "username" : "json+bridge"
  },
  "direction" : "BOTH",
  "messageType" : "LiveObjectsDataMessage",
  "name" : "LiveObject_SensingLabsTH",
  "type" : "MQTT"
}