{
  "ars_properties" : {
    "tags" : [ "#launchable" ]
  },
  "controllers" : {
    "client" : {
      "customCode" : "$('.navbarIcon').css(\"background-image\", \"url(https://dev.vantiq.com/ui/docs/NS/Your_VantiqWorkspaceName/images/OrangeLogo.png)\");\n$(\".navbarIcon\").css(\"width\", \"60px\");\n$(\".navbarIcon\").css(\"height\", \"60px\");\n$('.navbarIcon').css(\"background-repeat\", \"no-repeat\");\n\n//$(\"#rtcTitle\" ).remove();\n$(\".main-header .logo\").css({'height':'60px'}); // Hauteur du bandeau du haut\n$(\".navbar\").css(\"background-color\", \"#000000\"); // Couleur de la barre de navigation\n$(\".logo\").css(\"background-color\", \"#000000\"); // Couleur du fond sous le logo + hauteur du bandeau\n$(\".skin-blue .main-header .navbar .nav > li > a\").css(\"color\", \"#444444\");  // Theme de la bare du haut, couleur de police du nom du user et Namespace VANTIQ, au format CSS,\n\n\nfunction refreshLiveObjectsDataGenControl(client)\n{  var http = new Http();\n   http.setVantiqUrlForResource(\"LiveObjectsDataGenControl\");\n //\n //  Add the Authorization header to the request\n//\nhttp.setVantiqHeaders();\nvar args = {};\n    //\n    //  Execute the asynchronous server request. This expects 4 parameters:\n    //\n    //  resourceId: The \"_id\" of the object being loaded\n    //  parameters: \"null\" or an object containing the parameters for this request\n    //  successCallback: A callback function that will be driven when the request completes\n    //                   successfully (i.e. a status code of 2XX)\n    //  failureCallback: A callback function that will be driven when the request does not complete\n    //                   successfully.\n    //\n http.select(args,function(response)\n    {\n        //\n        //  At this point \"response\" is the object found\n        //\n        console.log(\"SUCCESS: \" + JSON.stringify(response));\n        client.sendClientEvent(\"CurrentLiveObjectsDataGenControlStream\", response);\n        \n        var SensorDL = client.getWidget(\"SensorDropList\");\n\t\tvar enumList = [];\n        \n\n        var arrayLength = response.length;\n\t\tif (arrayLength > 0)\n            {\n            \tenumList.push({value:0, label: \"Select a SensorId\"});\n                for (var i = 0; i < arrayLength; i++)\n                    {\n                        enumList.push({value:response[i]._id, label: \"SensorId \" + response[i].SensorId});\n                    }\n            }\n        else\n    {\n            \tenumList.push({value:0, label: \"No Sensor defined\"});\n\n            }\n        SensorDL.enumeratedList = enumList;\n        Binding.applyChanges();\n    },\n    function(errors)\n    {\n        //\n        //  This call will format the error into a popup dialog\n        //\n        client.showHttpErrors(errors,\"Doing a select on a single'LiveObjectsDataGenControl'\");\n    });\n\n\n}\n\n"
    },
    "dataStream" : {
      "CurrentLiveObjectsDataGenControlStream" : { },
      "LiveObjectsDataGenMonitorStream" : {
        "onDataArrived" : "var msg = {};\n\nmsg.Message = JSON.stringify(data.message.data);\nclient.sendClientEvent(\"LiveObjectsPublishMEssageClientStream\",msg);\nclient.data.LastMessageData = JSON.stringify(data.message.data,null,2);\nBinding.applyChanges();"
      },
      "LiveObjectsDataGenStream" : { },
      "LiveObjectsPublishMessageClientStream" : {
        "onDataArrived" : "console.log(JSON.stringify(data));"
      }
    },
    "page" : {
      "Start" : {
        "onStart" : "refreshLiveObjectsDataGenControl(client);",
        "widgets" : {
          "Button175" : {
            "onClick" : "//\n    //  Create an instance of the Http class to execute our server request\n    //\n    var http = new Http();\n\n    //\n    //  Build the URL needed to do an \"execute\" of a Procedure\n    //\n    http.setVantiqUrlForSystemResource(\"procedures\");\n\n    //\n    //  Add the Authorization header to the request\n    //\n    http.setVantiqHeaders();\n\n    //\n    //  Set the Procedure arguments\n    //\n\n\tvar args= [\n    \t{ \"Frequency\": page.data.Frequency*1000,\n\t\t\"ScheduleDuration\": page.data.ScheduleDuration*1000\n\t\t}\n\t];\n \n    //\n    //  Execute the asynchronous server request. This expects 4 parameters:\n    //\n    //  procedureArguments: The procedure arguments.\n    //  procedureName: The fully-qualified name of the Procedure.\n    //  successCallback: A callback function that will be driven when the request completes\n    //                   successfully (i.e. a status code of 2XX)\n    //  failureCallback: A callback function that will be driven when the request does not complete\n    //                   successfully.\n    //\n    http.execute(args,\"LO_CreateScheduledEvents\",function(response)\n    {\n        //\n        //  At this point \"response\" is results of the Procedure call\n        //\n        console.log(\"SUCCESS: \" + JSON.stringify(response));\n    },\n    function(errors)\n    {\n        //\n        //  This call will format the error into a popup dialog\n        //\n        client.showHttpErrors(errors,\"Executing 'LO_CreateScheduledEvents'\");\n    });"
          },
          "Button176" : {
            "onClick" : "//\n    //  Create an instance of the Http class to execute our server request\n    //\n    var http = new Http();\n\n    //\n    //  Build the URL needed to do an \"execute\" of a Procedure\n    //\n    http.setVantiqUrlForSystemResource(\"procedures\");\n\n    //\n    //  Add the Authorization header to the request\n    //\n    http.setVantiqHeaders();\n\n    //\n    //  Set the Procedure arguments\n    //\n    var args = {};\n\n    //\n    //  Execute the asynchronous server request. This expects 4 parameters:\n    //\n    //  procedureArguments: The procedure arguments.\n    //  procedureName: The fully-qualified name of the Procedure.\n    //  successCallback: A callback function that will be driven when the request completes\n    //                   successfully (i.e. a status code of 2XX)\n    //  failureCallback: A callback function that will be driven when the request does not complete\n    //                   successfully.\n    //\n    http.execute(args,\"LiveObjectsDeleteScheduledEvents\",function(response)\n    {\n        //\n        //  At this point \"response\" is results of the Procedure call\n        //\n        console.log(\"SUCCESS: \" + JSON.stringify(response));\n        client.data.LastMessageData = \"Waiting...\";\n    },\n    function(errors)\n    {\n        //\n        //  This call will format the error into a popup dialog\n        //\n        client.showHttpErrors(errors,\"Executing 'LiveObjectsDeleteScheduledEvents'\");\n    });"
          },
          "Button177" : {
            "onClick" : " //\n    //  Create an instance of the Http class to execute our server request\n    //\n    var http = new Http();\n\n    //\n    //  Build the URL needed to do an \"update\" on our Type\n    //\n    http.setVantiqUrlForResource(\"LiveObjectsDataGenControl\");\n\n    //\n    //  Add the Authorization header to the request\n    //\n    http.setVantiqHeaders();\n\tvar updateData = {};\n\tupdateData.Status = page.data.SelectedStatus;\n    //\n    //  Execute the asynchronous server request. This expects 4 parameters:\n    //\n    //  data: The object being inserted.\n    //  parameters: \"null\" or an object containing the parameters for this request\n    //  successCallback: A callback function that will be driven when the request completes\n    //                   successfully (i.e. a status code of 2XX)\n    //  failureCallback: A callback function that will be driven when the request does not complete\n    //                   successfully.\n    //\n    http.update(updateData,page.data.SelectedSensorId,function(response)\n    {\n        //\n        //  At this point \"response\" is the updated object\n        //\n        console.log(\"SUCCESS: \" + JSON.stringify(response));\n    },\n    function(errors)\n    {\n        //\n        //  This call will format the error into a popup dialog\n        //\n        client.showHttpErrors(errors,\"Doing an update of sensor status 2\");\n    });\n\n\n"
          }
        }
      }
    }
  },
  "isLaunchable" : true,
  "models" : {
    "dataObjects" : {
      "__GLOBAL__" : {
        "properties" : {
          "LastMessageData" : {
            "defaultLabel" : "LastMessageData",
            "defaultValue" : "Waiting...",
            "type" : "String"
          }
        }
      },
      "__PARAMETERS__" : {
        "properties" : { }
      }
    },
    "dataStreams" : [ {
      "advancedWhereClause" : null,
      "dataObjectName" : null,
      "dataTypeList" : [ ],
      "isDeleteOp" : false,
      "isInsertOp" : false,
      "isUpdateOp" : false,
      "maxRecords" : 0,
      "name" : "LiveObjectsDataGenMonitorStream",
      "property" : null,
      "sortByProperty" : null,
      "sortDescending" : false,
      "topic" : "/LiveObjectsDataGeneratorMonitor",
      "type" : 2,
      "updateInterval" : 60,
      "uuid" : "423a99d7-2ab3-4a6e-86cf-452ad4e7f49c",
      "v" : 1
    }, {
      "advancedWhereClause" : null,
      "dataObjectName" : null,
      "dataTypeList" : [ {
        "label" : null,
        "type" : "LiveObjectsDataMessage"
      } ],
      "isDeleteOp" : false,
      "isInsertOp" : false,
      "isUpdateOp" : false,
      "maxRecords" : 0,
      "name" : "LiveObjectsPublishMessageClientStream",
      "property" : null,
      "sortByProperty" : null,
      "sortDescending" : false,
      "type" : 5,
      "updateInterval" : 60,
      "uuid" : "71090bbe-0aca-4420-bad9-6fff90189748",
      "v" : 1
    }, {
      "advancedWhereClause" : null,
      "basicQueryElement" : [ ],
      "dataObjectName" : null,
      "dataTypeList" : [ {
        "label" : null,
        "type" : "LiveObjectsDataGenControl"
      } ],
      "isDeleteOp" : false,
      "isInsertOp" : false,
      "isUpdateOp" : false,
      "maxRecords" : 0,
      "name" : "LiveObjectsDataGenStream",
      "property" : null,
      "sortByProperty" : null,
      "sortDescending" : false,
      "type" : 4,
      "updateInterval" : 5,
      "uuid" : "1981c04f-08d6-449d-8c6e-e49d7b1c0b70",
      "v" : 1
    }, {
      "advancedWhereClause" : null,
      "dataObjectName" : null,
      "dataTypeList" : [ {
        "label" : null,
        "type" : "LiveObjectsDataGenControl"
      } ],
      "isDeleteOp" : false,
      "isInsertOp" : false,
      "isUpdateOp" : false,
      "maxRecords" : 0,
      "name" : "CurrentLiveObjectsDataGenControlStream",
      "property" : null,
      "sortByProperty" : null,
      "sortDescending" : false,
      "type" : 5,
      "updateInterval" : 60,
      "uuid" : "2c39b844-199f-4239-8d43-1523a668847a",
      "v" : 1
    } ]
  },
  "name" : "LiveObjectsDataGenerator",
  "options" : {
    "badgeCount" : 0,
    "description" : "",
    "isExpertMode" : true,
    "showGridWhileEditing" : true,
    "showOutlinesWhileEditing" : true,
    "theme" : {
      "accentColor1" : "#ff7900",
      "backgroundColor" : "#ffffff",
      "borderColor" : "#000000",
      "foregroundColor" : "#000000",
      "label" : "Custom",
      "name" : "custom",
      "v" : 2
    },
    "v" : 3
  },
  "targetDevice" : "browser",
  "userList" : [ ],
  "views" : {
    "Start" : {
      "bodyChildren" : [ {
        "CSSClass" : "vantiqStaticText",
        "actionMenuLabel" : null,
        "actionMenuTopic" : null,
        "borderColor" : "Default",
        "borderWidth" : 0,
        "fgColor" : "#ff7900",
        "fontFace" : "inherit",
        "fontSize" : 22,
        "fontStyle" : "normal",
        "fontWeight" : "bold",
        "h" : 29,
        "heightPolicy" : 0,
        "horzGravity" : 4,
        "isDraggable" : true,
        "isSelectable" : true,
        "name" : "StaticText879",
        "text" : "DataGeneration",
        "type" : "TextLabel",
        "v" : 14,
        "vertGravity" : 4,
        "w" : 153,
        "widthPolicy" : 0,
        "x" : 100,
        "y" : 80
      }, {
        "CSSClass" : "vantiqStaticText",
        "actionMenuLabel" : null,
        "actionMenuTopic" : null,
        "borderColor" : "Default",
        "borderWidth" : 0,
        "fgColor" : "#ff7900",
        "fontFace" : "inherit",
        "fontSize" : 22,
        "fontStyle" : "normal",
        "fontWeight" : "bold",
        "h" : 29,
        "heightPolicy" : 0,
        "horzGravity" : 4,
        "isDraggable" : true,
        "isSelectable" : true,
        "name" : "StaticText914",
        "text" : "Configuration",
        "type" : "TextLabel",
        "v" : 14,
        "vertGravity" : 4,
        "w" : 134,
        "widthPolicy" : 0,
        "x" : 930,
        "y" : 80
      }, {
        "CSSClass" : "vantiqInputInteger",
        "actionMenuLabel" : null,
        "actionMenuTopic" : null,
        "binding" : "page.data.Frequency",
        "borderColor" : "Default",
        "borderWidth" : 0,
        "default" : 0,
        "flavor" : "text",
        "h" : 54,
        "heightPolicy" : 0,
        "horzGravity" : 4,
        "horzMargin" : 10,
        "innerMargin" : 0,
        "isDraggable" : true,
        "isSelectable" : true,
        "label" : "",
        "labelAlign" : "center",
        "labelColor" : "#000000",
        "labelFontSize" : 14,
        "labelStyle" : "plain",
        "maxValue" : 100,
        "minValue" : 0,
        "name" : "InputInteger50",
        "optional" : true,
        "placeholder" : "",
        "type" : "PIInputInteger",
        "units" : "",
        "v" : 14,
        "vertGravity" : 4,
        "vertMargin" : 10,
        "w" : 120,
        "widthPolicy" : 2,
        "x" : 320,
        "y" : 160
      }, {
        "CSSClass" : "vantiqStaticText",
        "actionMenuLabel" : null,
        "actionMenuTopic" : null,
        "borderColor" : "Default",
        "borderWidth" : 0,
        "fontFace" : "inherit",
        "fontSize" : 16,
        "fontStyle" : "normal",
        "fontWeight" : "normal",
        "h" : 21,
        "heightPolicy" : 0,
        "horzGravity" : 4,
        "isDraggable" : true,
        "isSelectable" : true,
        "name" : "StaticText904",
        "text" : "Frequency(seconds)",
        "type" : "TextLabel",
        "v" : 14,
        "vertGravity" : 4,
        "w" : 134,
        "widthPolicy" : 0,
        "x" : 100,
        "y" : 180
      }, {
        "CSSClass" : "vantiqStaticText",
        "actionMenuLabel" : null,
        "actionMenuTopic" : null,
        "borderColor" : "Default",
        "borderWidth" : 0,
        "fontFace" : "inherit",
        "fontSize" : 20,
        "fontStyle" : "normal",
        "fontWeight" : "normal",
        "h" : 26,
        "heightPolicy" : 0,
        "horzGravity" : 4,
        "isDraggable" : true,
        "isSelectable" : true,
        "name" : "StaticText915",
        "text" : "Sensor Configuration",
        "type" : "TextLabel",
        "v" : 14,
        "vertGravity" : 4,
        "w" : 176,
        "widthPolicy" : 0,
        "x" : 930,
        "y" : 170
      }, {
        "CSSClass" : "vantiqInputInteger",
        "actionMenuLabel" : null,
        "actionMenuTopic" : null,
        "binding" : "page.data.ScheduleDuration",
        "borderColor" : "Default",
        "borderWidth" : 0,
        "default" : 0,
        "flavor" : "text",
        "h" : 54,
        "heightPolicy" : 0,
        "horzGravity" : 4,
        "horzMargin" : 10,
        "innerMargin" : 0,
        "isDraggable" : true,
        "isSelectable" : true,
        "label" : "",
        "labelAlign" : "center",
        "labelColor" : "#000000",
        "labelFontSize" : 14,
        "labelStyle" : "plain",
        "maxValue" : 100,
        "minValue" : 0,
        "name" : "InputInteger51",
        "optional" : true,
        "placeholder" : "",
        "type" : "PIInputInteger",
        "units" : "",
        "v" : 14,
        "vertGravity" : 4,
        "vertMargin" : 10,
        "w" : 120,
        "widthPolicy" : 2,
        "x" : 320,
        "y" : 200
      }, {
        "CSSClass" : "vantiqStaticText",
        "actionMenuLabel" : null,
        "actionMenuTopic" : null,
        "borderColor" : "Default",
        "borderWidth" : 0,
        "fontFace" : "inherit",
        "fontSize" : 16,
        "fontStyle" : "normal",
        "fontWeight" : "normal",
        "h" : 21,
        "heightPolicy" : 0,
        "horzGravity" : 4,
        "isDraggable" : true,
        "isSelectable" : true,
        "name" : "StaticText905",
        "text" : "Schedule Duration (seconds)",
        "type" : "TextLabel",
        "v" : 14,
        "vertGravity" : 4,
        "w" : 191,
        "widthPolicy" : 0,
        "x" : 100,
        "y" : 220
      }, {
        "CSSClass" : "vantiqStaticText",
        "actionMenuLabel" : null,
        "actionMenuTopic" : null,
        "borderColor" : "Default",
        "borderWidth" : 0,
        "fgColor" : "#000000",
        "fontFace" : "inherit",
        "fontSize" : 14,
        "fontStyle" : "normal",
        "fontWeight" : "normal",
        "h" : 18,
        "heightPolicy" : 0,
        "horzGravity" : 4,
        "isDraggable" : true,
        "isSelectable" : true,
        "name" : "StaticText916",
        "text" : "Selected Sensor",
        "type" : "TextLabel",
        "v" : 14,
        "vertGravity" : 4,
        "w" : 94,
        "widthPolicy" : 0,
        "x" : 930,
        "y" : 230
      }, {
        "CSSClass" : "vantiqLabel",
        "actionMenuLabel" : null,
        "actionMenuTopic" : null,
        "borderColor" : "Default",
        "borderWidth" : 0,
        "h" : 38,
        "heightPolicy" : 0,
        "horzGravity" : 4,
        "horzMargin" : 10,
        "innerMargin" : 0,
        "isDraggable" : true,
        "isSelectable" : true,
        "label" : "Status",
        "labelAlign" : "center",
        "labelColor" : "#000000",
        "labelFontSize" : 14,
        "labelStyle" : "plain",
        "name" : "Label51",
        "type" : "PIText",
        "v" : 14,
        "vertGravity" : 4,
        "vertMargin" : 10,
        "w" : 57,
        "widthPolicy" : 2,
        "x" : 1120,
        "y" : 220
      }, {
        "CSSClass" : "vantiqDroplist",
        "actionMenuLabel" : null,
        "actionMenuTopic" : null,
        "binding" : "page.data.SelectedSensorId",
        "borderColor" : "Default",
        "borderWidth" : 0,
        "default" : null,
        "h" : 54,
        "heightPolicy" : 0,
        "horzGravity" : 4,
        "horzMargin" : 10,
        "innerMargin" : 0,
        "isDraggable" : true,
        "isSelectable" : true,
        "label" : "",
        "labelAlign" : "center",
        "labelColor" : "#000000",
        "labelFontSize" : 14,
        "labelStyle" : "plain",
        "list" : [ ],
        "name" : "SensorDropList",
        "type" : "PIDroplist",
        "v" : 14,
        "vertGravity" : 4,
        "vertMargin" : 10,
        "w" : 140,
        "widthPolicy" : 2,
        "x" : 920,
        "y" : 240
      }, {
        "CSSClass" : "vantiqDroplist",
        "actionMenuLabel" : null,
        "actionMenuTopic" : null,
        "binding" : "page.data.SelectedStatus",
        "borderColor" : "Default",
        "borderWidth" : 0,
        "default" : 2,
        "h" : 54,
        "heightPolicy" : 0,
        "horzGravity" : 4,
        "horzMargin" : 10,
        "innerMargin" : 0,
        "isDraggable" : true,
        "isSelectable" : true,
        "label" : "",
        "labelAlign" : "center",
        "labelColor" : "#000000",
        "labelFontSize" : 14,
        "labelStyle" : "plain",
        "list" : [ {
          "label" : "0- Normal",
          "value" : 0
        }, {
          "label" : "1- Risky",
          "value" : 1
        }, {
          "label" : "2- Critical",
          "value" : 2
        } ],
        "name" : "Droplist50",
        "type" : "PIDroplist",
        "v" : 14,
        "vertGravity" : 4,
        "vertMargin" : 10,
        "w" : 140,
        "widthPolicy" : 2,
        "x" : 1120,
        "y" : 240
      }, {
        "CSSClass" : "vantiqButton",
        "actionMenuLabel" : null,
        "actionMenuTopic" : null,
        "borderColor" : "Default",
        "borderWidth" : 0,
        "buttonBackgroundColor" : "#ff7900",
        "buttonLabel" : "Start Generating Data",
        "buttonLabelColor" : "#ffffff",
        "buttonLabelSize" : 18,
        "buttonLabelStyle" : "plain",
        "h" : 50,
        "heightPolicy" : 0,
        "horzGravity" : 4,
        "horzMargin" : 10,
        "innerMargin" : 0,
        "isDraggable" : true,
        "isSelectable" : true,
        "label" : "",
        "labelAlign" : "center",
        "labelColor" : "#000000",
        "labelFontSize" : 14,
        "labelStyle" : "plain",
        "name" : "Button175",
        "type" : "PIInlineButton",
        "v" : 14,
        "value" : 100,
        "vertGravity" : 4,
        "vertMargin" : 10,
        "w" : 197,
        "widthPolicy" : 2,
        "x" : 90,
        "y" : 300
      }, {
        "CSSClass" : "vantiqButton",
        "actionMenuLabel" : null,
        "actionMenuTopic" : null,
        "borderColor" : "Default",
        "borderWidth" : 0,
        "buttonBackgroundColor" : "#ff7900",
        "buttonLabel" : "Stop Generating Data",
        "buttonLabelColor" : "#ffffff",
        "buttonLabelSize" : 18,
        "buttonLabelStyle" : "plain",
        "h" : 50,
        "heightPolicy" : 0,
        "horzGravity" : 4,
        "horzMargin" : 10,
        "innerMargin" : 0,
        "isDraggable" : true,
        "isSelectable" : true,
        "label" : "",
        "labelAlign" : "center",
        "labelColor" : "#000000",
        "labelFontSize" : 14,
        "labelStyle" : "plain",
        "name" : "Button176",
        "type" : "PIInlineButton",
        "v" : 14,
        "value" : 100,
        "vertGravity" : 4,
        "vertMargin" : 10,
        "w" : 195,
        "widthPolicy" : 2,
        "x" : 390,
        "y" : 300
      }, {
        "CSSClass" : "vantiqButton",
        "actionMenuLabel" : null,
        "actionMenuTopic" : null,
        "borderColor" : "Default",
        "borderWidth" : 0,
        "buttonBackgroundColor" : "#888888",
        "buttonLabel" : "Update Sensor Status",
        "buttonLabelColor" : "#ffffff",
        "buttonLabelSize" : 18,
        "buttonLabelStyle" : "plain",
        "h" : 50,
        "heightPolicy" : 0,
        "horzGravity" : 4,
        "horzMargin" : 10,
        "innerMargin" : 0,
        "isDraggable" : true,
        "isSelectable" : true,
        "label" : "",
        "labelAlign" : "center",
        "labelColor" : "#000000",
        "labelFontSize" : 14,
        "labelStyle" : "plain",
        "name" : "Button177",
        "type" : "PIInlineButton",
        "v" : 14,
        "value" : 100,
        "vertGravity" : 4,
        "vertMargin" : 10,
        "w" : 197,
        "widthPolicy" : 2,
        "x" : 981,
        "y" : 303.5
      }, {
        "CSSClass" : "vantiqDataTable",
        "actionMenuLabel" : null,
        "actionMenuTopic" : null,
        "borderColor" : "Default",
        "borderWidth" : 2,
        "cellFontColor" : "#000000",
        "cellFontFace" : "inherit",
        "cellFontSize" : 14,
        "cellFontStyle" : "plain",
        "columns" : [ {
          "colorRules" : null,
          "dataType" : "String",
          "propertyName" : "SensorId",
          "selected" : false,
          "title" : "SensorId"
        }, {
          "colorRules" : null,
          "dataType" : "Integer",
          "propertyName" : "Status",
          "selected" : false,
          "title" : "Status"
        } ],
        "dataStreamGroupedByFiltersString" : "",
        "dataStreamPropertyList" : [ ],
        "dataStreamUUID" : "1981c04f-08d6-449d-8c6e-e49d7b1c0b70",
        "dataType" : null,
        "h" : 294,
        "headerFontColor" : "#000000",
        "headerFontFace" : "inherit",
        "headerFontSize" : 14,
        "headerFontStyle" : "plain",
        "heightPolicy" : 0,
        "horzGravity" : 4,
        "isDraggable" : true,
        "isSelectable" : true,
        "name" : "DataTable27",
        "operation" : "insert",
        "propertyName" : null,
        "rowsPerPage" : 5,
        "type" : "DataTableWidget",
        "v" : 14,
        "vertGravity" : 4,
        "w" : 320,
        "widthPolicy" : 1,
        "x" : 940,
        "y" : 350
      }, {
        "CSSClass" : "vantiqStaticText",
        "actionMenuLabel" : null,
        "actionMenuTopic" : null,
        "borderColor" : "Default",
        "borderWidth" : 0,
        "fontFace" : "inherit",
        "fontSize" : 20,
        "fontStyle" : "normal",
        "fontWeight" : "normal",
        "h" : 26,
        "heightPolicy" : 0,
        "horzGravity" : 4,
        "isDraggable" : true,
        "isSelectable" : true,
        "name" : "StaticText912",
        "text" : "Last Message",
        "type" : "TextLabel",
        "v" : 14,
        "vertGravity" : 4,
        "w" : 110,
        "widthPolicy" : 0,
        "x" : 100,
        "y" : 380
      }, {
        "CSSClass" : "vantiqMultilineInput",
        "actionMenuLabel" : null,
        "actionMenuTopic" : null,
        "binding" : "client.data.LastMessageData",
        "borderColor" : "Default",
        "borderWidth" : 0,
        "default" : "",
        "h" : 151,
        "heightPolicy" : 0,
        "horzGravity" : 4,
        "horzMargin" : 10,
        "innerMargin" : 0,
        "isDraggable" : true,
        "isSelectable" : true,
        "label" : "",
        "labelAlign" : "center",
        "labelColor" : "#000000",
        "labelFontSize" : 14,
        "labelStyle" : "plain",
        "name" : "MultilineInput25",
        "optional" : true,
        "placeholder" : "",
        "rows" : 5,
        "type" : "PIMultilineInputString",
        "v" : 14,
        "vertGravity" : 4,
        "vertMargin" : 10,
        "w" : 540,
        "widthPolicy" : 1,
        "wordwrap" : true,
        "x" : 90,
        "y" : 400
      } ],
      "data" : {
        "properties" : {
          "Frequency" : {
            "defaultLabel" : "Frequency",
            "defaultValue" : 5,
            "type" : "Integer"
          },
          "ScheduleDuration" : {
            "defaultLabel" : "ScheduleDuration",
            "defaultValue" : 30,
            "type" : "Integer"
          },
          "SelectedSensorId" : {
            "defaultLabel" : "SelectedSensorId",
            "type" : "String"
          },
          "SelectedStatus" : {
            "defaultLabel" : "SelectedStatus",
            "type" : "Integer"
          }
        }
      },
      "fields" : [ ],
      "footerChildren" : [ ],
      "layoutType" : "browser",
      "responseTopic" : "/my/response/topic"
    }
  }
}