{
  "links" : [ {
    "source" : "procedure/LiveObjectsDeleteScheduledEvents",
    "target" : "type/system.scheduledevents"
  }, {
    "source" : "rule/onStopLiveObjectsDataGen",
    "target" : "procedure/LiveObjectsDeleteScheduledEvents"
  }, {
    "source" : "procedure/LO_CreateScheduledEvents",
    "target" : "topic//LiveObjectsDataGen/SLTempSensor"
  }, {
    "source" : "procedure/LO_CreateScheduledEvents",
    "target" : "topic//LiveObjectsDataGen/Stop"
  }, {
    "source" : "topic//LiveObjectsDataGen/SLTempSensor",
    "target" : "rule/SLTempSensorDataGenerator"
  }, {
    "source" : "rule/SLTempSensorDataGenerator",
    "target" : "topic//LiveObjectsDataGeneratorMonitor"
  }, {
    "source" : "topic//LiveObjectsDataGen/Stop",
    "target" : "rule/onStopLiveObjectsDataGen"
  }, {
    "source" : "type/LiveObjectsDataGenControl",
    "target" : "rule/SLTempSensorDataGenerator"
  }, {
    "source" : "rule/SLTempSensorDataGenerator",
    "target" : "source/LiveObjectsRemoteSource"
  }, {
    "source" : "client/LiveObjectsDataGenerator",
    "target" : "topic//my/response/topic"
  }, {
    "source" : "topic//LiveObjectsDataGeneratorMonitor",
    "target" : "client/LiveObjectsDataGenerator"
  }, {
    "source" : "type/LiveObjectsDataGenControl",
    "target" : "client/LiveObjectsDataGenerator"
  } ],
  "name" : "LiveObjectsDataGen",
  "options" : {
    "description" : "",
    "filterBitArray" : "ffffffffffffffffffffffffffffffff",
    "isModeloProject" : true,
    "showGrid" : true,
    "v" : 2
  },
  "resources" : [ {
    "label" : "/LiveObjectsDataGen/SLTempSensor",
    "name" : "/LiveObjectsDataGen/SLTempSensor",
    "node" : {
      "x" : 222.9920728001269,
      "y" : -115.2188978012538
    },
    "type" : 10
  }, {
    "label" : "/LiveObjectsDataGen/Stop",
    "name" : "/LiveObjectsDataGen/Stop",
    "node" : {
      "x" : 577.9372140962068,
      "y" : -116.25255158192056
    },
    "type" : 10
  }, {
    "label" : "/LiveObjectsDataGeneratorMonitor",
    "name" : "/LiveObjectsDataGeneratorMonitor",
    "node" : {
      "x" : 381.2169924554877,
      "y" : 160.0140621103194
    },
    "type" : 10
  }, {
    "label" : "/my/response/topic",
    "name" : "/my/response/topic",
    "node" : {
      "x" : 769.5999475347327,
      "y" : 237.48377884272747
    },
    "type" : 10
  }, {
    "inventory" : {
      "appmodelHash" : [ ],
      "appmodels" : [ ],
      "collaborationHash" : [ ],
      "collaborations" : [ ],
      "pagesetHash" : [ ],
      "pagesets" : [ ],
      "procedureHash" : [ ],
      "procedures" : [ ],
      "sourceHash" : [ ],
      "sources" : [ ],
      "topicHash" : [ "out", "out" ],
      "topics" : [ "/LiveObjectsDataGen/SLTempSensor", "/LiveObjectsDataGen/Stop" ],
      "typeHash" : [ ],
      "types" : [ ]
    },
    "label" : "LO_CreateScheduledEvents",
    "name" : "LO_CreateScheduledEvents",
    "node" : {
      "x" : 390.1181651337409,
      "y" : -218.6876915381325
    },
    "timestamp" : "2018-11-09T13:10:07.735Z",
    "type" : 3
  }, {
    "label" : "LiveObjectsDataGenControl",
    "name" : "LiveObjectsDataGenControl",
    "node" : {
      "x" : 769.5422905274,
      "y" : 45.16106327973682
    },
    "timestamp" : "2018-11-09T13:10:07.908Z",
    "type" : 1
  }, {
    "inventory" : {
      "appmodelHash" : [ ],
      "appmodels" : [ ],
      "collaborationHash" : [ ],
      "collaborations" : [ ],
      "pagesetHash" : [ ],
      "pagesets" : [ ],
      "procedureHash" : [ ],
      "procedures" : [ ],
      "sourceHash" : [ ],
      "sources" : [ ],
      "topicHash" : [ "out", "in" ],
      "topics" : [ "/my/response/topic", "/LiveObjectsDataGeneratorMonitor" ],
      "typeHash" : [ "in" ],
      "types" : [ "LiveObjectsDataGenControl" ]
    },
    "label" : "LiveObjectsDataGenerator",
    "name" : "LiveObjectsDataGenerator",
    "node" : {
      "x" : 770.2059832779671,
      "y" : 156.77879180088553
    },
    "timestamp" : "2018-11-09T13:30:43.805Z",
    "type" : 15
  }, {
    "label" : "LiveObjectsDataMessage",
    "name" : "LiveObjectsDataMessage",
    "node" : {
      "x" : 1122.3254123187291,
      "y" : 101.2639775616459
    },
    "timestamp" : "2018-11-09T13:10:07.939Z",
    "type" : 1
  }, {
    "inventory" : {
      "appmodelHash" : [ ],
      "appmodels" : [ ],
      "collaborationHash" : [ ],
      "collaborations" : [ ],
      "pagesetHash" : [ ],
      "pagesets" : [ ],
      "procedureHash" : [ ],
      "procedures" : [ ],
      "sourceHash" : [ ],
      "sources" : [ ],
      "topicHash" : [ ],
      "topics" : [ ],
      "typeHash" : [ "out" ],
      "types" : [ "system.scheduledevents" ]
    },
    "label" : "LiveObjectsDeleteScheduledEvents",
    "name" : "LiveObjectsDeleteScheduledEvents",
    "node" : {
      "x" : 1221.3256808264769,
      "y" : -119.03005110126638
    },
    "timestamp" : "2018-11-09T13:10:07.754Z",
    "type" : 3
  }, {
    "label" : "LiveObjectsRemoteSource",
    "name" : "LiveObjectsRemoteSource",
    "node" : {
      "x" : 60.514193535230675,
      "y" : 158.78546293871818
    },
    "timestamp" : "2018-11-09T13:27:40.685Z",
    "type" : 4
  }, {
    "inventory" : {
      "appmodelHash" : [ ],
      "appmodels" : [ ],
      "collaborationHash" : [ ],
      "collaborations" : [ ],
      "pagesetHash" : [ ],
      "pagesets" : [ ],
      "procedureHash" : [ "out", "out", "out" ],
      "procedures" : [ "random", "now", "stringify" ],
      "sourceHash" : [ "out" ],
      "sources" : [ "LiveObjectsRemoteSource" ],
      "topicHash" : [ "in", "out" ],
      "topics" : [ "/LiveObjectsDataGen/SLTempSensor", "/LiveObjectsDataGeneratorMonitor" ],
      "typeHash" : [ "in" ],
      "types" : [ "LiveObjectsDataGenControl" ]
    },
    "label" : "SLTempSensorDataGenerator",
    "name" : "SLTempSensorDataGenerator",
    "node" : {
      "x" : 221.82504273673896,
      "y" : 46.247893878752734
    },
    "timestamp" : "2018-11-09T13:27:40.397Z",
    "type" : 2
  }, {
    "inventory" : {
      "appmodelHash" : [ ],
      "appmodels" : [ ],
      "collaborationHash" : [ ],
      "collaborations" : [ ],
      "pagesetHash" : [ ],
      "pagesets" : [ ],
      "procedureHash" : [ "out" ],
      "procedures" : [ "LiveObjectsDeleteScheduledEvents" ],
      "sourceHash" : [ ],
      "sources" : [ ],
      "topicHash" : [ "in" ],
      "topics" : [ "/LiveObjectsDataGen/Stop" ],
      "typeHash" : [ ],
      "types" : [ ]
    },
    "label" : "onStopLiveObjectsDataGen",
    "name" : "onStopLiveObjectsDataGen",
    "node" : {
      "x" : 879.2129600966753,
      "y" : -117.77264987214079
    },
    "timestamp" : "2018-11-09T13:27:40.346Z",
    "type" : 2
  }, {
    "label" : "system.scheduledevents",
    "name" : "system.scheduledevents",
    "node" : {
      "x" : 1222.8565125508794,
      "y" : -22.39058091015164
    },
    "timestamp" : "2017-12-02T02:32:53.528Z",
    "type" : 1
  } ],
  "tools" : [ {
    "name" : "Project Resource Graph",
    "pane" : {
      "h" : 670,
      "w" : 1430,
      "x" : 0,
      "y" : 0
    },
    "toolOptions" : {
      "scaleAndTranslationState" : {
        "lastZoomRequest" : 0,
        "scale" : 0.737134608645551,
        "translate" : [ 140.4965604775648, 288.2534313294417 ]
      }
    },
    "type" : 1
  } ],
  "type" : "dev",
  "views" : [ {
    "name" : "Main",
    "projectToolKeys" : [ "graph/Project Resource Graph" ]
  } ]
}